"StateFIPS","State","Year","Value","Data Comment","Age Group"
"01","Alabama","2011","Data Not Collected","","0 TO 4"
"01","Alabama","2011","Data Not Collected","","5 TO 9"
"01","Alabama","2011","Data Not Collected","","10 TO 14"
"01","Alabama","2011","Data Not Collected","","15 TO 17"
"01","Alabama","2012","9.9%","","0 TO 4"
"01","Alabama","2012","17.2%","","5 TO 9"
"01","Alabama","2012","21.5%","","10 TO 14"
"01","Alabama","2012","17.3%","","15 TO 17"
"01","Alabama","2013","Data Not Collected","","0 TO 4"
"01","Alabama","2013","Data Not Collected","","5 TO 9"
"01","Alabama","2013","Data Not Collected","","10 TO 14"
"01","Alabama","2013","Data Not Collected","","15 TO 17"
"01","Alabama","2014","9.3%","","0 TO 4"
"01","Alabama","2014","22.0%","","5 TO 9"
"01","Alabama","2014","22.0%","","10 TO 14"
"01","Alabama","2014","23.0%","","15 TO 17"
"01","Alabama","2015","Data Not Collected","","0 TO 4"
"01","Alabama","2015","Data Not Collected","","5 TO 9"
"01","Alabama","2015","Data Not Collected","","10 TO 14"
"01","Alabama","2015","Data Not Collected","","15 TO 17"
"01","Alabama","2016","Data Not Collected","","0 TO 4"
"01","Alabama","2016","Data Not Collected","","5 TO 9"
"01","Alabama","2016","Data Not Collected","","10 TO 14"
"01","Alabama","2016","Data Not Collected","","15 TO 17"
"01","Alabama","2017","Data Not Collected","","0 TO 4"
"01","Alabama","2017","Data Not Collected","","5 TO 9"
"01","Alabama","2017","Data Not Collected","","10 TO 14"
"01","Alabama","2017","Data Not Collected","","15 TO 17"
"01","Alabama","2018","Data Not Collected","","0 TO 4"
"01","Alabama","2018","Data Not Collected","","5 TO 9"
"01","Alabama","2018","Data Not Collected","","10 TO 14"
"01","Alabama","2018","Data Not Collected","","15 TO 17"
"01","Alabama","2019","Data Not Collected","","0 TO 4"
"01","Alabama","2019","Data Not Collected","","5 TO 9"
"01","Alabama","2019","Data Not Collected","","10 TO 14"
"01","Alabama","2019","Data Not Collected","","15 TO 17"
"02","Alaska","2011","Data Not Collected","","0 TO 4"
"02","Alaska","2011","Data Not Collected","","5 TO 9"
"02","Alaska","2011","Data Not Collected","","10 TO 14"
"02","Alaska","2011","Data Not Collected","","15 TO 17"
"02","Alaska","2012","Data Not Collected","","0 TO 4"
"02","Alaska","2012","Data Not Collected","","5 TO 9"
"02","Alaska","2012","Data Not Collected","","10 TO 14"
"02","Alaska","2012","Data Not Collected","","15 TO 17"
"02","Alaska","2013","Data Not Collected","","0 TO 4"
"02","Alaska","2013","Data Not Collected","","5 TO 9"
"02","Alaska","2013","Data Not Collected","","10 TO 14"
"02","Alaska","2013","Data Not Collected","","15 TO 17"
"02","Alaska","2014","Data Not Collected","","0 TO 4"
"02","Alaska","2014","Data Not Collected","","5 TO 9"
"02","Alaska","2014","Data Not Collected","","10 TO 14"
"02","Alaska","2014","Data Not Collected","","15 TO 17"
"02","Alaska","2015","Data Not Collected","","0 TO 4"
"02","Alaska","2015","Data Not Collected","","5 TO 9"
"02","Alaska","2015","Data Not Collected","","10 TO 14"
"02","Alaska","2015","Data Not Collected","","15 TO 17"
"02","Alaska","2016","Data Not Collected","","0 TO 4"
"02","Alaska","2016","Data Not Collected","","5 TO 9"
"02","Alaska","2016","Data Not Collected","","10 TO 14"
"02","Alaska","2016","Data Not Collected","","15 TO 17"
"02","Alaska","2017","Data Not Collected","","0 TO 4"
"02","Alaska","2017","Data Not Collected","","5 TO 9"
"02","Alaska","2017","Data Not Collected","","10 TO 14"
"02","Alaska","2017","Data Not Collected","","15 TO 17"
"02","Alaska","2018","Data Not Collected","","0 TO 4"
"02","Alaska","2018","Data Not Collected","","5 TO 9"
"02","Alaska","2018","Data Not Collected","","10 TO 14"
"02","Alaska","2018","Data Not Collected","","15 TO 17"
"02","Alaska","2019","Data Not Collected","","0 TO 4"
"02","Alaska","2019","Data Not Collected","","5 TO 9"
"02","Alaska","2019","Data Not Collected","","10 TO 14"
"02","Alaska","2019","Data Not Collected","","15 TO 17"
"04","Arizona","2011","Suppressed","","0 TO 4"
"04","Arizona","2011","11.8%","","5 TO 9"
"04","Arizona","2011","19.5%","","10 TO 14"
"04","Arizona","2011","15.2%","","15 TO 17"
"04","Arizona","2012","Suppressed","","0 TO 4"
"04","Arizona","2012","14.6%","","5 TO 9"
"04","Arizona","2012","14.5%","","10 TO 14"
"04","Arizona","2012","19.2%","","15 TO 17"
"04","Arizona","2013","Suppressed","","0 TO 4"
"04","Arizona","2013","Suppressed","","5 TO 9"
"04","Arizona","2013","26.6%","","10 TO 14"
"04","Arizona","2013","21.3%","","15 TO 17"
"04","Arizona","2014","Data Not Collected","","0 TO 4"
"04","Arizona","2014","Data Not Collected","","5 TO 9"
"04","Arizona","2014","Data Not Collected","","10 TO 14"
"04","Arizona","2014","Data Not Collected","","15 TO 17"
"04","Arizona","2015","Data Not Collected","","0 TO 4"
"04","Arizona","2015","Data Not Collected","","5 TO 9"
"04","Arizona","2015","Data Not Collected","","10 TO 14"
"04","Arizona","2015","Data Not Collected","","15 TO 17"
"04","Arizona","2016","Suppressed","","0 TO 4"
"04","Arizona","2016","12.8%","","5 TO 9"
"04","Arizona","2016","16.4%","","10 TO 14"
"04","Arizona","2016","17.7%","","15 TO 17"
"04","Arizona","2017","Data Not Collected","","0 TO 4"
"04","Arizona","2017","Data Not Collected","","5 TO 9"
"04","Arizona","2017","Data Not Collected","","10 TO 14"
"04","Arizona","2017","Data Not Collected","","15 TO 17"
"04","Arizona","2018","Data Not Collected","","0 TO 4"
"04","Arizona","2018","Data Not Collected","","5 TO 9"
"04","Arizona","2018","Data Not Collected","","10 TO 14"
"04","Arizona","2018","Data Not Collected","","15 TO 17"
"04","Arizona","2019","Data Not Collected","","0 TO 4"
"04","Arizona","2019","Data Not Collected","","5 TO 9"
"04","Arizona","2019","Data Not Collected","","10 TO 14"
"04","Arizona","2019","Data Not Collected","","15 TO 17"
"05","Arkansas","2011","Data Not Collected","","0 TO 4"
"05","Arkansas","2011","Data Not Collected","","5 TO 9"
"05","Arkansas","2011","Data Not Collected","","10 TO 14"
"05","Arkansas","2011","Data Not Collected","","15 TO 17"
"05","Arkansas","2012","Data Not Collected","","0 TO 4"
"05","Arkansas","2012","Data Not Collected","","5 TO 9"
"05","Arkansas","2012","Data Not Collected","","10 TO 14"
"05","Arkansas","2012","Data Not Collected","","15 TO 17"
"05","Arkansas","2013","Data Not Collected","","0 TO 4"
"05","Arkansas","2013","Data Not Collected","","5 TO 9"
"05","Arkansas","2013","Data Not Collected","","10 TO 14"
"05","Arkansas","2013","Data Not Collected","","15 TO 17"
"05","Arkansas","2014","Data Not Collected","","0 TO 4"
"05","Arkansas","2014","Data Not Collected","","5 TO 9"
"05","Arkansas","2014","Data Not Collected","","10 TO 14"
"05","Arkansas","2014","Data Not Collected","","15 TO 17"
"05","Arkansas","2015","Data Not Collected","","0 TO 4"
"05","Arkansas","2015","Data Not Collected","","5 TO 9"
"05","Arkansas","2015","Data Not Collected","","10 TO 14"
"05","Arkansas","2015","Data Not Collected","","15 TO 17"
"05","Arkansas","2016","Data Not Collected","","0 TO 4"
"05","Arkansas","2016","Data Not Collected","","5 TO 9"
"05","Arkansas","2016","Data Not Collected","","10 TO 14"
"05","Arkansas","2016","Data Not Collected","","15 TO 17"
"05","Arkansas","2017","Data Not Collected","","0 TO 4"
"05","Arkansas","2017","Data Not Collected","","5 TO 9"
"05","Arkansas","2017","Data Not Collected","","10 TO 14"
"05","Arkansas","2017","Data Not Collected","","15 TO 17"
"05","Arkansas","2018","Data Not Collected","","0 TO 4"
"05","Arkansas","2018","Data Not Collected","","5 TO 9"
"05","Arkansas","2018","Data Not Collected","","10 TO 14"
"05","Arkansas","2018","Data Not Collected","","15 TO 17"
"05","Arkansas","2019","Data Not Collected","","0 TO 4"
"05","Arkansas","2019","Data Not Collected","","5 TO 9"
"05","Arkansas","2019","Data Not Collected","","10 TO 14"
"05","Arkansas","2019","Data Not Collected","","15 TO 17"
"06","California","2011","Data Not Collected","","0 TO 4"
"06","California","2011","Data Not Collected","","5 TO 9"
"06","California","2011","Data Not Collected","","10 TO 14"
"06","California","2011","Data Not Collected","","15 TO 17"
"06","California","2012","7.3%","","0 TO 4"
"06","California","2012","15.9%","","5 TO 9"
"06","California","2012","20.2%","","10 TO 14"
"06","California","2012","17.5%","","15 TO 17"
"06","California","2013","6.7%","","0 TO 4"
"06","California","2013","13.9%","","5 TO 9"
"06","California","2013","17.5%","","10 TO 14"
"06","California","2013","21.7%","","15 TO 17"
"06","California","2014","Suppressed","","0 TO 4"
"06","California","2014","18.0%","","5 TO 9"
"06","California","2014","17.2%","","10 TO 14"
"06","California","2014","18.3%","","15 TO 17"
"06","California","2015","4.4%","","0 TO 4"
"06","California","2015","12.7%","","5 TO 9"
"06","California","2015","15.5%","","10 TO 14"
"06","California","2015","18.2%","","15 TO 17"
"06","California","2016","4.6%","","0 TO 4"
"06","California","2016","12.5%","","5 TO 9"
"06","California","2016","17.6%","","10 TO 14"
"06","California","2016","16.5%","","15 TO 17"
"06","California","2017","3.1%","","0 TO 4"
"06","California","2017","12.8%","","5 TO 9"
"06","California","2017","14.0%","","10 TO 14"
"06","California","2017","14.0%","","15 TO 17"
"06","California","2018","3.8%","","0 TO 4"
"06","California","2018","10.7%","","5 TO 9"
"06","California","2018","14.8%","","10 TO 14"
"06","California","2018","14.9%","","15 TO 17"
"06","California","2019","5.3%","","0 TO 4"
"06","California","2019","11.8%","","5 TO 9"
"06","California","2019","16.5%","","10 TO 14"
"06","California","2019","18.3%","","15 TO 17"
"08","Colorado","2011","Data Not Collected","","0 TO 4"
"08","Colorado","2011","Data Not Collected","","5 TO 9"
"08","Colorado","2011","Data Not Collected","","10 TO 14"
"08","Colorado","2011","Data Not Collected","","15 TO 17"
"08","Colorado","2012","Data Not Collected","","0 TO 4"
"08","Colorado","2012","Data Not Collected","","5 TO 9"
"08","Colorado","2012","Data Not Collected","","10 TO 14"
"08","Colorado","2012","Data Not Collected","","15 TO 17"
"08","Colorado","2013","Data Not Collected","","0 TO 4"
"08","Colorado","2013","Data Not Collected","","5 TO 9"
"08","Colorado","2013","Data Not Collected","","10 TO 14"
"08","Colorado","2013","Data Not Collected","","15 TO 17"
"08","Colorado","2014","Data Not Collected","","0 TO 4"
"08","Colorado","2014","Data Not Collected","","5 TO 9"
"08","Colorado","2014","Data Not Collected","","10 TO 14"
"08","Colorado","2014","Data Not Collected","","15 TO 17"
"08","Colorado","2015","Data Not Collected","","0 TO 4"
"08","Colorado","2015","Data Not Collected","","5 TO 9"
"08","Colorado","2015","Data Not Collected","","10 TO 14"
"08","Colorado","2015","Data Not Collected","","15 TO 17"
"08","Colorado","2016","Data Not Collected","","0 TO 4"
"08","Colorado","2016","Data Not Collected","","5 TO 9"
"08","Colorado","2016","Data Not Collected","","10 TO 14"
"08","Colorado","2016","Data Not Collected","","15 TO 17"
"08","Colorado","2017","Data Not Collected","","0 TO 4"
"08","Colorado","2017","Data Not Collected","","5 TO 9"
"08","Colorado","2017","Data Not Collected","","10 TO 14"
"08","Colorado","2017","Data Not Collected","","15 TO 17"
"08","Colorado","2018","Data Not Collected","","0 TO 4"
"08","Colorado","2018","Data Not Collected","","5 TO 9"
"08","Colorado","2018","Data Not Collected","","10 TO 14"
"08","Colorado","2018","Data Not Collected","","15 TO 17"
"08","Colorado","2019","Data Not Collected","","0 TO 4"
"08","Colorado","2019","Data Not Collected","","5 TO 9"
"08","Colorado","2019","Data Not Collected","","10 TO 14"
"08","Colorado","2019","Data Not Collected","","15 TO 17"
"09","Connecticut","2011","7.5%","","0 TO 4"
"09","Connecticut","2011","17.7%","","5 TO 9"
"09","Connecticut","2011","20.8%","","10 TO 14"
"09","Connecticut","2011","20.8%","","15 TO 17"
"09","Connecticut","2012","9.9%","","0 TO 4"
"09","Connecticut","2012","17.7%","","5 TO 9"
"09","Connecticut","2012","26.3%","","10 TO 14"
"09","Connecticut","2012","20.8%","","15 TO 17"
"09","Connecticut","2013","8.1%","","0 TO 4"
"09","Connecticut","2013","16.6%","","5 TO 9"
"09","Connecticut","2013","18.7%","","10 TO 14"
"09","Connecticut","2013","19.9%","","15 TO 17"
"09","Connecticut","2014","7.1%","","0 TO 4"
"09","Connecticut","2014","18.0%","","5 TO 9"
"09","Connecticut","2014","17.2%","","10 TO 14"
"09","Connecticut","2014","16.9%","","15 TO 17"
"09","Connecticut","2015","9.4%","","0 TO 4"
"09","Connecticut","2015","14.7%","","5 TO 9"
"09","Connecticut","2015","23.8%","","10 TO 14"
"09","Connecticut","2015","19.1%","","15 TO 17"
"09","Connecticut","2016","8.2%","","0 TO 4"
"09","Connecticut","2016","15.4%","","5 TO 9"
"09","Connecticut","2016","21.0%","","10 TO 14"
"09","Connecticut","2016","21.0%","","15 TO 17"
"09","Connecticut","2017","9.8%","","0 TO 4"
"09","Connecticut","2017","23.9%","","5 TO 9"
"09","Connecticut","2017","20.1%","","10 TO 14"
"09","Connecticut","2017","21.2%","","15 TO 17"
"09","Connecticut","2018","8.1%","","0 TO 4"
"09","Connecticut","2018","13.3%","","5 TO 9"
"09","Connecticut","2018","20.0%","","10 TO 14"
"09","Connecticut","2018","18.3%","","15 TO 17"
"09","Connecticut","2019","6.1%","","0 TO 4"
"09","Connecticut","2019","14.6%","","5 TO 9"
"09","Connecticut","2019","16.7%","","10 TO 14"
"09","Connecticut","2019","20.9%","","15 TO 17"
"10","Delaware","2011","Data Not Collected","","0 TO 4"
"10","Delaware","2011","Data Not Collected","","5 TO 9"
"10","Delaware","2011","Data Not Collected","","10 TO 14"
"10","Delaware","2011","Data Not Collected","","15 TO 17"
"10","Delaware","2012","Data Not Collected","","0 TO 4"
"10","Delaware","2012","Data Not Collected","","5 TO 9"
"10","Delaware","2012","Data Not Collected","","10 TO 14"
"10","Delaware","2012","Data Not Collected","","15 TO 17"
"10","Delaware","2013","Data Not Collected","","0 TO 4"
"10","Delaware","2013","Data Not Collected","","5 TO 9"
"10","Delaware","2013","Data Not Collected","","10 TO 14"
"10","Delaware","2013","Data Not Collected","","15 TO 17"
"10","Delaware","2014","Data Not Collected","","0 TO 4"
"10","Delaware","2014","Data Not Collected","","5 TO 9"
"10","Delaware","2014","Data Not Collected","","10 TO 14"
"10","Delaware","2014","Data Not Collected","","15 TO 17"
"10","Delaware","2015","Data Not Collected","","0 TO 4"
"10","Delaware","2015","Data Not Collected","","5 TO 9"
"10","Delaware","2015","Data Not Collected","","10 TO 14"
"10","Delaware","2015","Data Not Collected","","15 TO 17"
"10","Delaware","2016","Data Not Collected","","0 TO 4"
"10","Delaware","2016","Data Not Collected","","5 TO 9"
"10","Delaware","2016","Data Not Collected","","10 TO 14"
"10","Delaware","2016","Data Not Collected","","15 TO 17"
"10","Delaware","2017","Data Not Collected","","0 TO 4"
"10","Delaware","2017","Data Not Collected","","5 TO 9"
"10","Delaware","2017","Data Not Collected","","10 TO 14"
"10","Delaware","2017","Data Not Collected","","15 TO 17"
"10","Delaware","2018","Data Not Collected","","0 TO 4"
"10","Delaware","2018","Data Not Collected","","5 TO 9"
"10","Delaware","2018","Data Not Collected","","10 TO 14"
"10","Delaware","2018","Data Not Collected","","15 TO 17"
"10","Delaware","2019","Data Not Collected","","0 TO 4"
"10","Delaware","2019","Data Not Collected","","5 TO 9"
"10","Delaware","2019","Data Not Collected","","10 TO 14"
"10","Delaware","2019","Data Not Collected","","15 TO 17"
"11","District of Columbia","2011","Data Not Collected","","0 TO 4"
"11","District of Columbia","2011","Data Not Collected","","5 TO 9"
"11","District of Columbia","2011","Data Not Collected","","10 TO 14"
"11","District of Columbia","2011","Data Not Collected","","15 TO 17"
"11","District of Columbia","2012","Suppressed","","0 TO 4"
"11","District of Columbia","2012","21.5%","","5 TO 9"
"11","District of Columbia","2012","32.2%","","10 TO 14"
"11","District of Columbia","2012","Suppressed","","15 TO 17"
"11","District of Columbia","2013","Suppressed","","0 TO 4"
"11","District of Columbia","2013","23.6%","","5 TO 9"
"11","District of Columbia","2013","26.6%","","10 TO 14"
"11","District of Columbia","2013","26.1%","","15 TO 17"
"11","District of Columbia","2014","12.6%","","0 TO 4"
"11","District of Columbia","2014","25.7%","","5 TO 9"
"11","District of Columbia","2014","30.1%","","10 TO 14"
"11","District of Columbia","2014","16.9%","","15 TO 17"
"11","District of Columbia","2015","Suppressed","","0 TO 4"
"11","District of Columbia","2015","12.9%","","5 TO 9"
"11","District of Columbia","2015","30.9%","","10 TO 14"
"11","District of Columbia","2015","Suppressed","","15 TO 17"
"11","District of Columbia","2016","Data Not Collected","","0 TO 4"
"11","District of Columbia","2016","Data Not Collected","","5 TO 9"
"11","District of Columbia","2016","Data Not Collected","","10 TO 14"
"11","District of Columbia","2016","Data Not Collected","","15 TO 17"
"11","District of Columbia","2017","Suppressed","","0 TO 4"
"11","District of Columbia","2017","18.4%","","5 TO 9"
"11","District of Columbia","2017","19.6%","","10 TO 14"
"11","District of Columbia","2017","28.3%","","15 TO 17"
"11","District of Columbia","2018","8.4%","","0 TO 4"
"11","District of Columbia","2018","13.5%","","5 TO 9"
"11","District of Columbia","2018","23.0%","","10 TO 14"
"11","District of Columbia","2018","27.4%","","15 TO 17"
"11","District of Columbia","2019","Suppressed","","0 TO 4"
"11","District of Columbia","2019","14.0%","","5 TO 9"
"11","District of Columbia","2019","21.7%","","10 TO 14"
"11","District of Columbia","2019","19.7%","","15 TO 17"
"12","Florida","2011","Data Not Collected","","0 TO 4"
"12","Florida","2011","Data Not Collected","","5 TO 9"
"12","Florida","2011","Data Not Collected","","10 TO 14"
"12","Florida","2011","Data Not Collected","","15 TO 17"
"12","Florida","2012","Data Not Collected","","0 TO 4"
"12","Florida","2012","Data Not Collected","","5 TO 9"
"12","Florida","2012","Data Not Collected","","10 TO 14"
"12","Florida","2012","Data Not Collected","","15 TO 17"
"12","Florida","2013","Data Not Collected","","0 TO 4"
"12","Florida","2013","Data Not Collected","","5 TO 9"
"12","Florida","2013","Data Not Collected","","10 TO 14"
"12","Florida","2013","Data Not Collected","","15 TO 17"
"12","Florida","2014","Data Not Collected","","0 TO 4"
"12","Florida","2014","Data Not Collected","","5 TO 9"
"12","Florida","2014","Data Not Collected","","10 TO 14"
"12","Florida","2014","Data Not Collected","","15 TO 17"
"12","Florida","2015","Data Not Collected","","0 TO 4"
"12","Florida","2015","Data Not Collected","","5 TO 9"
"12","Florida","2015","Data Not Collected","","10 TO 14"
"12","Florida","2015","Data Not Collected","","15 TO 17"
"12","Florida","2016","6.4%","","0 TO 4"
"12","Florida","2016","14.1%","","5 TO 9"
"12","Florida","2016","14.6%","","10 TO 14"
"12","Florida","2016","17.7%","","15 TO 17"
"12","Florida","2017","9.1%","","0 TO 4"
"12","Florida","2017","13.6%","","5 TO 9"
"12","Florida","2017","14.7%","","10 TO 14"
"12","Florida","2017","14.7%","","15 TO 17"
"12","Florida","2018","5.5%","","0 TO 4"
"12","Florida","2018","11.6%","","5 TO 9"
"12","Florida","2018","17.3%","","10 TO 14"
"12","Florida","2018","16.7%","","15 TO 17"
"12","Florida","2019","4.8%","","0 TO 4"
"12","Florida","2019","9.3%","","5 TO 9"
"12","Florida","2019","14.5%","","10 TO 14"
"12","Florida","2019","19.7%","","15 TO 17"
"13","Georgia","2011","Data Not Collected","","0 TO 4"
"13","Georgia","2011","Data Not Collected","","5 TO 9"
"13","Georgia","2011","Data Not Collected","","10 TO 14"
"13","Georgia","2011","Data Not Collected","","15 TO 17"
"13","Georgia","2012","9.7%","","0 TO 4"
"13","Georgia","2012","17.1%","","5 TO 9"
"13","Georgia","2012","20.4%","","10 TO 14"
"13","Georgia","2012","17.4%","","15 TO 17"
"13","Georgia","2013","9.6%","","0 TO 4"
"13","Georgia","2013","21.3%","","5 TO 9"
"13","Georgia","2013","16.2%","","10 TO 14"
"13","Georgia","2013","16.0%","","15 TO 17"
"13","Georgia","2014","6.9%","","0 TO 4"
"13","Georgia","2014","15.0%","","5 TO 9"
"13","Georgia","2014","16.3%","","10 TO 14"
"13","Georgia","2014","18.0%","","15 TO 17"
"13","Georgia","2015","Suppressed","","0 TO 4"
"13","Georgia","2015","20.4%","","5 TO 9"
"13","Georgia","2015","15.7%","","10 TO 14"
"13","Georgia","2015","23.7%","","15 TO 17"
"13","Georgia","2016","Suppressed","","0 TO 4"
"13","Georgia","2016","20.0%","","5 TO 9"
"13","Georgia","2016","16.5%","","10 TO 14"
"13","Georgia","2016","23.6%","","15 TO 17"
"13","Georgia","2017","Suppressed","","0 TO 4"
"13","Georgia","2017","15.9%","","5 TO 9"
"13","Georgia","2017","18.3%","","10 TO 14"
"13","Georgia","2017","15.1%","","15 TO 17"
"13","Georgia","2018","6.5%","","0 TO 4"
"13","Georgia","2018","13.2%","","5 TO 9"
"13","Georgia","2018","12.9%","","10 TO 14"
"13","Georgia","2018","18.5%","","15 TO 17"
"13","Georgia","2019","Suppressed","","0 TO 4"
"13","Georgia","2019","16.9%","","5 TO 9"
"13","Georgia","2019","12.8%","","10 TO 14"
"13","Georgia","2019","21.0%","","15 TO 17"
"15","Hawaii","2011","15.1%","","0 TO 4"
"15","Hawaii","2011","20.3%","","5 TO 9"
"15","Hawaii","2011","19.2%","","10 TO 14"
"15","Hawaii","2011","18.6%","","15 TO 17"
"15","Hawaii","2012","10.1%","","0 TO 4"
"15","Hawaii","2012","22.0%","","5 TO 9"
"15","Hawaii","2012","19.6%","","10 TO 14"
"15","Hawaii","2012","27.6%","","15 TO 17"
"15","Hawaii","2013","13.7%","","0 TO 4"
"15","Hawaii","2013","20.4%","","5 TO 9"
"15","Hawaii","2013","23.3%","","10 TO 14"
"15","Hawaii","2013","27.0%","","15 TO 17"
"15","Hawaii","2014","22.1%","","0 TO 4"
"15","Hawaii","2014","27.4%","","5 TO 9"
"15","Hawaii","2014","25.6%","","10 TO 14"
"15","Hawaii","2014","31.8%","","15 TO 17"
"15","Hawaii","2015","12.6%","","0 TO 4"
"15","Hawaii","2015","17.5%","","5 TO 9"
"15","Hawaii","2015","15.4%","","10 TO 14"
"15","Hawaii","2015","25.4%","","15 TO 17"
"15","Hawaii","2016","6.0%","","0 TO 4"
"15","Hawaii","2016","18.2%","","5 TO 9"
"15","Hawaii","2016","21.0%","","10 TO 14"
"15","Hawaii","2016","25.6%","","15 TO 17"
"15","Hawaii","2017","11.3%","","0 TO 4"
"15","Hawaii","2017","18.1%","","5 TO 9"
"15","Hawaii","2017","21.0%","","10 TO 14"
"15","Hawaii","2017","20.5%","","15 TO 17"
"15","Hawaii","2018","10.5%","","0 TO 4"
"15","Hawaii","2018","17.5%","","5 TO 9"
"15","Hawaii","2018","21.9%","","10 TO 14"
"15","Hawaii","2018","22.9%","","15 TO 17"
"15","Hawaii","2019","4.9%","","0 TO 4"
"15","Hawaii","2019","14.3%","","5 TO 9"
"15","Hawaii","2019","16.7%","","10 TO 14"
"15","Hawaii","2019","23.1%","","15 TO 17"
"16","Idaho","2011","Data Not Collected","","0 TO 4"
"16","Idaho","2011","Data Not Collected","","5 TO 9"
"16","Idaho","2011","Data Not Collected","","10 TO 14"
"16","Idaho","2011","Data Not Collected","","15 TO 17"
"16","Idaho","2012","Data Not Collected","","0 TO 4"
"16","Idaho","2012","Data Not Collected","","5 TO 9"
"16","Idaho","2012","Data Not Collected","","10 TO 14"
"16","Idaho","2012","Data Not Collected","","15 TO 17"
"16","Idaho","2013","Data Not Collected","","0 TO 4"
"16","Idaho","2013","Data Not Collected","","5 TO 9"
"16","Idaho","2013","Data Not Collected","","10 TO 14"
"16","Idaho","2013","Data Not Collected","","15 TO 17"
"16","Idaho","2014","Data Not Collected","","0 TO 4"
"16","Idaho","2014","Data Not Collected","","5 TO 9"
"16","Idaho","2014","Data Not Collected","","10 TO 14"
"16","Idaho","2014","Data Not Collected","","15 TO 17"
"16","Idaho","2015","Data Not Collected","","0 TO 4"
"16","Idaho","2015","Data Not Collected","","5 TO 9"
"16","Idaho","2015","Data Not Collected","","10 TO 14"
"16","Idaho","2015","Data Not Collected","","15 TO 17"
"16","Idaho","2016","Data Not Collected","","0 TO 4"
"16","Idaho","2016","Data Not Collected","","5 TO 9"
"16","Idaho","2016","Data Not Collected","","10 TO 14"
"16","Idaho","2016","Data Not Collected","","15 TO 17"
"16","Idaho","2017","Data Not Collected","","0 TO 4"
"16","Idaho","2017","Data Not Collected","","5 TO 9"
"16","Idaho","2017","Data Not Collected","","10 TO 14"
"16","Idaho","2017","Data Not Collected","","15 TO 17"
"16","Idaho","2018","Data Not Collected","","0 TO 4"
"16","Idaho","2018","Data Not Collected","","5 TO 9"
"16","Idaho","2018","Data Not Collected","","10 TO 14"
"16","Idaho","2018","Data Not Collected","","15 TO 17"
"16","Idaho","2019","Data Not Collected","","0 TO 4"
"16","Idaho","2019","Data Not Collected","","5 TO 9"
"16","Idaho","2019","Data Not Collected","","10 TO 14"
"16","Idaho","2019","Data Not Collected","","15 TO 17"
"17","Illinois","2011","Data Not Collected","","0 TO 4"
"17","Illinois","2011","Data Not Collected","","5 TO 9"
"17","Illinois","2011","Data Not Collected","","10 TO 14"
"17","Illinois","2011","Data Not Collected","","15 TO 17"
"17","Illinois","2012","Suppressed","","0 TO 4"
"17","Illinois","2012","14.9%","","5 TO 9"
"17","Illinois","2012","14.6%","","10 TO 14"
"17","Illinois","2012","19.6%","","15 TO 17"
"17","Illinois","2013","Data Not Collected","","0 TO 4"
"17","Illinois","2013","Data Not Collected","","5 TO 9"
"17","Illinois","2013","Data Not Collected","","10 TO 14"
"17","Illinois","2013","Data Not Collected","","15 TO 17"
"17","Illinois","2014","Suppressed","","0 TO 4"
"17","Illinois","2014","12.0%","","5 TO 9"
"17","Illinois","2014","13.8%","","10 TO 14"
"17","Illinois","2014","17.2%","","15 TO 17"
"17","Illinois","2015","Suppressed","","0 TO 4"
"17","Illinois","2015","10.8%","","5 TO 9"
"17","Illinois","2015","11.6%","","10 TO 14"
"17","Illinois","2015","20.4%","","15 TO 17"
"17","Illinois","2016","Suppressed","","0 TO 4"
"17","Illinois","2016","8.1%","","5 TO 9"
"17","Illinois","2016","18.9%","","10 TO 14"
"17","Illinois","2016","16.4%","","15 TO 17"
"17","Illinois","2017","Suppressed","","0 TO 4"
"17","Illinois","2017","11.0%","","5 TO 9"
"17","Illinois","2017","15.6%","","10 TO 14"
"17","Illinois","2017","13.1%","","15 TO 17"
"17","Illinois","2018","Suppressed","","0 TO 4"
"17","Illinois","2018","6.7%","","5 TO 9"
"17","Illinois","2018","12.1%","","10 TO 14"
"17","Illinois","2018","15.7%","","15 TO 17"
"17","Illinois","2019","Suppressed","","0 TO 4"
"17","Illinois","2019","9.9%","","5 TO 9"
"17","Illinois","2019","13.0%","","10 TO 14"
"17","Illinois","2019","14.0%","","15 TO 17"
"18","Indiana","2011","Data Not Collected","","0 TO 4"
"18","Indiana","2011","Data Not Collected","","5 TO 9"
"18","Indiana","2011","Data Not Collected","","10 TO 14"
"18","Indiana","2011","Data Not Collected","","15 TO 17"
"18","Indiana","2012","Data Not Collected","","0 TO 4"
"18","Indiana","2012","Data Not Collected","","5 TO 9"
"18","Indiana","2012","Data Not Collected","","10 TO 14"
"18","Indiana","2012","Data Not Collected","","15 TO 17"
"18","Indiana","2013","7.7%","","0 TO 4"
"18","Indiana","2013","10.3%","","5 TO 9"
"18","Indiana","2013","18.5%","","10 TO 14"
"18","Indiana","2013","16.4%","","15 TO 17"
"18","Indiana","2014","7.4%","","0 TO 4"
"18","Indiana","2014","13.4%","","5 TO 9"
"18","Indiana","2014","18.3%","","10 TO 14"
"18","Indiana","2014","16.3%","","15 TO 17"
"18","Indiana","2015","Suppressed","","0 TO 4"
"18","Indiana","2015","18.5%","","5 TO 9"
"18","Indiana","2015","14.2%","","10 TO 14"
"18","Indiana","2015","15.8%","","15 TO 17"
"18","Indiana","2016","6.3%","","0 TO 4"
"18","Indiana","2016","14.5%","","5 TO 9"
"18","Indiana","2016","16.3%","","10 TO 14"
"18","Indiana","2016","18.5%","","15 TO 17"
"18","Indiana","2017","4.0%","","0 TO 4"
"18","Indiana","2017","9.8%","","5 TO 9"
"18","Indiana","2017","14.6%","","10 TO 14"
"18","Indiana","2017","15.8%","","15 TO 17"
"18","Indiana","2018","3.3%","","0 TO 4"
"18","Indiana","2018","16.3%","","5 TO 9"
"18","Indiana","2018","14.2%","","10 TO 14"
"18","Indiana","2018","19.7%","","15 TO 17"
"18","Indiana","2019","3.9%","","0 TO 4"
"18","Indiana","2019","9.7%","","5 TO 9"
"18","Indiana","2019","10.9%","","10 TO 14"
"18","Indiana","2019","18.1%","","15 TO 17"
"19","Iowa","2011","Data Not Collected","","0 TO 4"
"19","Iowa","2011","Data Not Collected","","5 TO 9"
"19","Iowa","2011","Data Not Collected","","10 TO 14"
"19","Iowa","2011","Data Not Collected","","15 TO 17"
"19","Iowa","2012","Data Not Collected","","0 TO 4"
"19","Iowa","2012","Data Not Collected","","5 TO 9"
"19","Iowa","2012","Data Not Collected","","10 TO 14"
"19","Iowa","2012","Data Not Collected","","15 TO 17"
"19","Iowa","2013","Data Not Collected","","0 TO 4"
"19","Iowa","2013","Data Not Collected","","5 TO 9"
"19","Iowa","2013","Data Not Collected","","10 TO 14"
"19","Iowa","2013","Data Not Collected","","15 TO 17"
"19","Iowa","2014","Data Not Collected","","0 TO 4"
"19","Iowa","2014","Data Not Collected","","5 TO 9"
"19","Iowa","2014","Data Not Collected","","10 TO 14"
"19","Iowa","2014","Data Not Collected","","15 TO 17"
"19","Iowa","2015","Data Not Collected","","0 TO 4"
"19","Iowa","2015","Data Not Collected","","5 TO 9"
"19","Iowa","2015","Data Not Collected","","10 TO 14"
"19","Iowa","2015","Data Not Collected","","15 TO 17"
"19","Iowa","2016","Data Not Collected","","0 TO 4"
"19","Iowa","2016","Data Not Collected","","5 TO 9"
"19","Iowa","2016","Data Not Collected","","10 TO 14"
"19","Iowa","2016","Data Not Collected","","15 TO 17"
"19","Iowa","2017","Data Not Collected","","0 TO 4"
"19","Iowa","2017","Data Not Collected","","5 TO 9"
"19","Iowa","2017","Data Not Collected","","10 TO 14"
"19","Iowa","2017","Data Not Collected","","15 TO 17"
"19","Iowa","2018","Data Not Collected","","0 TO 4"
"19","Iowa","2018","Data Not Collected","","5 TO 9"
"19","Iowa","2018","Data Not Collected","","10 TO 14"
"19","Iowa","2018","Data Not Collected","","15 TO 17"
"19","Iowa","2019","Data Not Collected","","0 TO 4"
"19","Iowa","2019","Data Not Collected","","5 TO 9"
"19","Iowa","2019","Data Not Collected","","10 TO 14"
"19","Iowa","2019","Data Not Collected","","15 TO 17"
"20","Kansas","2011","Data Not Collected","","0 TO 4"
"20","Kansas","2011","Data Not Collected","","5 TO 9"
"20","Kansas","2011","Data Not Collected","","10 TO 14"
"20","Kansas","2011","Data Not Collected","","15 TO 17"
"20","Kansas","2012","6.7%","","0 TO 4"
"20","Kansas","2012","13.0%","","5 TO 9"
"20","Kansas","2012","19.9%","","10 TO 14"
"20","Kansas","2012","19.6%","","15 TO 17"
"20","Kansas","2013","5.0%","","0 TO 4"
"20","Kansas","2013","14.7%","","5 TO 9"
"20","Kansas","2013","16.4%","","10 TO 14"
"20","Kansas","2013","19.8%","","15 TO 17"
"20","Kansas","2014","3.6%","","0 TO 4"
"20","Kansas","2014","11.8%","","5 TO 9"
"20","Kansas","2014","16.9%","","10 TO 14"
"20","Kansas","2014","18.0%","","15 TO 17"
"20","Kansas","2015","6.7%","","0 TO 4"
"20","Kansas","2015","11.4%","","5 TO 9"
"20","Kansas","2015","16.1%","","10 TO 14"
"20","Kansas","2015","18.4%","","15 TO 17"
"20","Kansas","2016","5.7%","","0 TO 4"
"20","Kansas","2016","12.3%","","5 TO 9"
"20","Kansas","2016","15.5%","","10 TO 14"
"20","Kansas","2016","16.9%","","15 TO 17"
"20","Kansas","2017","6.0%","","0 TO 4"
"20","Kansas","2017","13.2%","","5 TO 9"
"20","Kansas","2017","16.7%","","10 TO 14"
"20","Kansas","2017","20.2%","","15 TO 17"
"20","Kansas","2018","4.3%","","0 TO 4"
"20","Kansas","2018","10.8%","","5 TO 9"
"20","Kansas","2018","15.0%","","10 TO 14"
"20","Kansas","2018","15.6%","","15 TO 17"
"20","Kansas","2019","5.3%","","0 TO 4"
"20","Kansas","2019","10.0%","","5 TO 9"
"20","Kansas","2019","15.9%","","10 TO 14"
"20","Kansas","2019","18.0%","","15 TO 17"
"21","Kentucky","2011","Data Not Collected","","0 TO 4"
"21","Kentucky","2011","Data Not Collected","","5 TO 9"
"21","Kentucky","2011","Data Not Collected","","10 TO 14"
"21","Kentucky","2011","Data Not Collected","","15 TO 17"
"21","Kentucky","2012","10.9%","","0 TO 4"
"21","Kentucky","2012","16.2%","","5 TO 9"
"21","Kentucky","2012","15.4%","","10 TO 14"
"21","Kentucky","2012","17.0%","","15 TO 17"
"21","Kentucky","2013","Data Not Collected","","0 TO 4"
"21","Kentucky","2013","Data Not Collected","","5 TO 9"
"21","Kentucky","2013","Data Not Collected","","10 TO 14"
"21","Kentucky","2013","Data Not Collected","","15 TO 17"
"21","Kentucky","2014","8.0%","","0 TO 4"
"21","Kentucky","2014","16.5%","","5 TO 9"
"21","Kentucky","2014","16.3%","","10 TO 14"
"21","Kentucky","2014","22.3%","","15 TO 17"
"21","Kentucky","2015","Data Not Collected","","0 TO 4"
"21","Kentucky","2015","Data Not Collected","","5 TO 9"
"21","Kentucky","2015","Data Not Collected","","10 TO 14"
"21","Kentucky","2015","Data Not Collected","","15 TO 17"
"21","Kentucky","2016","6.1%","","0 TO 4"
"21","Kentucky","2016","11.1%","","5 TO 9"
"21","Kentucky","2016","15.2%","","10 TO 14"
"21","Kentucky","2016","20.8%","","15 TO 17"
"21","Kentucky","2017","Data Not Collected","","0 TO 4"
"21","Kentucky","2017","Data Not Collected","","5 TO 9"
"21","Kentucky","2017","Data Not Collected","","10 TO 14"
"21","Kentucky","2017","Data Not Collected","","15 TO 17"
"21","Kentucky","2018","Suppressed","","0 TO 4"
"21","Kentucky","2018","4.5%","","5 TO 9"
"21","Kentucky","2018","17.2%","","10 TO 14"
"21","Kentucky","2018","13.6%","","15 TO 17"
"21","Kentucky","2019","Data Not Collected","","0 TO 4"
"21","Kentucky","2019","Data Not Collected","","5 TO 9"
"21","Kentucky","2019","Data Not Collected","","10 TO 14"
"21","Kentucky","2019","Data Not Collected","","15 TO 17"
"22","Louisiana","2011","Data Not Collected","","0 TO 4"
"22","Louisiana","2011","Data Not Collected","","5 TO 9"
"22","Louisiana","2011","Data Not Collected","","10 TO 14"
"22","Louisiana","2011","Data Not Collected","","15 TO 17"
"22","Louisiana","2012","Data Not Collected","","0 TO 4"
"22","Louisiana","2012","Data Not Collected","","5 TO 9"
"22","Louisiana","2012","Data Not Collected","","10 TO 14"
"22","Louisiana","2012","Data Not Collected","","15 TO 17"
"22","Louisiana","2013","Suppressed","","0 TO 4"
"22","Louisiana","2013","11.5%","","5 TO 9"
"22","Louisiana","2013","11.9%","","10 TO 14"
"22","Louisiana","2013","23.0%","","15 TO 17"
"22","Louisiana","2014","7.5%","","0 TO 4"
"22","Louisiana","2014","11.7%","","5 TO 9"
"22","Louisiana","2014","15.9%","","10 TO 14"
"22","Louisiana","2014","18.1%","","15 TO 17"
"22","Louisiana","2015","9.4%","","0 TO 4"
"22","Louisiana","2015","14.0%","","5 TO 9"
"22","Louisiana","2015","15.9%","","10 TO 14"
"22","Louisiana","2015","16.8%","","15 TO 17"
"22","Louisiana","2016","Data Not Collected","","0 TO 4"
"22","Louisiana","2016","Data Not Collected","","5 TO 9"
"22","Louisiana","2016","Data Not Collected","","10 TO 14"
"22","Louisiana","2016","Data Not Collected","","15 TO 17"
"22","Louisiana","2017","Data Not Collected","","0 TO 4"
"22","Louisiana","2017","Data Not Collected","","5 TO 9"
"22","Louisiana","2017","Data Not Collected","","10 TO 14"
"22","Louisiana","2017","Data Not Collected","","15 TO 17"
"22","Louisiana","2018","Data Not Collected","","0 TO 4"
"22","Louisiana","2018","Data Not Collected","","5 TO 9"
"22","Louisiana","2018","Data Not Collected","","10 TO 14"
"22","Louisiana","2018","Data Not Collected","","15 TO 17"
"22","Louisiana","2019","Data Not Collected","","0 TO 4"
"22","Louisiana","2019","Data Not Collected","","5 TO 9"
"22","Louisiana","2019","Data Not Collected","","10 TO 14"
"22","Louisiana","2019","Data Not Collected","","15 TO 17"
"23","Maine","2011","Data Not Collected","","0 TO 4"
"23","Maine","2011","Data Not Collected","","5 TO 9"
"23","Maine","2011","Data Not Collected","","10 TO 14"
"23","Maine","2011","Data Not Collected","","15 TO 17"
"23","Maine","2012","Data Not Collected","","0 TO 4"
"23","Maine","2012","Data Not Collected","","5 TO 9"
"23","Maine","2012","Data Not Collected","","10 TO 14"
"23","Maine","2012","Data Not Collected","","15 TO 17"
"23","Maine","2013","Suppressed","","0 TO 4"
"23","Maine","2013","13.7%","","5 TO 9"
"23","Maine","2013","21.7%","","10 TO 14"
"23","Maine","2013","12.7%","","15 TO 17"
"23","Maine","2014","Suppressed","","0 TO 4"
"23","Maine","2014","12.1%","","5 TO 9"
"23","Maine","2014","15.0%","","10 TO 14"
"23","Maine","2014","23.4%","","15 TO 17"
"23","Maine","2015","Suppressed","","0 TO 4"
"23","Maine","2015","16.4%","","5 TO 9"
"23","Maine","2015","17.1%","","10 TO 14"
"23","Maine","2015","19.6%","","15 TO 17"
"23","Maine","2016","Suppressed","","0 TO 4"
"23","Maine","2016","12.2%","","5 TO 9"
"23","Maine","2016","17.8%","","10 TO 14"
"23","Maine","2016","22.5%","","15 TO 17"
"23","Maine","2017","Suppressed","","0 TO 4"
"23","Maine","2017","14.6%","","5 TO 9"
"23","Maine","2017","14.0%","","10 TO 14"
"23","Maine","2017","15.6%","","15 TO 17"
"23","Maine","2018","Suppressed","","0 TO 4"
"23","Maine","2018","8.4%","","5 TO 9"
"23","Maine","2018","17.0%","","10 TO 14"
"23","Maine","2018","15.7%","","15 TO 17"
"23","Maine","2019","Suppressed","","0 TO 4"
"23","Maine","2019","18.5%","","5 TO 9"
"23","Maine","2019","18.0%","","10 TO 14"
"23","Maine","2019","13.4%","","15 TO 17"
"24","Maryland","2011","Data Not Collected","","0 TO 4"
"24","Maryland","2011","Data Not Collected","","5 TO 9"
"24","Maryland","2011","Data Not Collected","","10 TO 14"
"24","Maryland","2011","Data Not Collected","","15 TO 17"
"24","Maryland","2012","9.0%","","0 TO 4"
"24","Maryland","2012","17.7%","","5 TO 9"
"24","Maryland","2012","21.2%","","10 TO 14"
"24","Maryland","2012","19.9%","","15 TO 17"
"24","Maryland","2013","10.4%","","0 TO 4"
"24","Maryland","2013","17.7%","","5 TO 9"
"24","Maryland","2013","19.3%","","10 TO 14"
"24","Maryland","2013","17.2%","","15 TO 17"
"24","Maryland","2014","6.2%","","0 TO 4"
"24","Maryland","2014","18.9%","","5 TO 9"
"24","Maryland","2014","16.9%","","10 TO 14"
"24","Maryland","2014","17.8%","","15 TO 17"
"24","Maryland","2015","Data Not Collected","","0 TO 4"
"24","Maryland","2015","Data Not Collected","","5 TO 9"
"24","Maryland","2015","Data Not Collected","","10 TO 14"
"24","Maryland","2015","Data Not Collected","","15 TO 17"
"24","Maryland","2016","Data Not Collected","","0 TO 4"
"24","Maryland","2016","Data Not Collected","","5 TO 9"
"24","Maryland","2016","Data Not Collected","","10 TO 14"
"24","Maryland","2016","Data Not Collected","","15 TO 17"
"24","Maryland","2017","Data Not Collected","","0 TO 4"
"24","Maryland","2017","Data Not Collected","","5 TO 9"
"24","Maryland","2017","Data Not Collected","","10 TO 14"
"24","Maryland","2017","Data Not Collected","","15 TO 17"
"24","Maryland","2018","Suppressed","","0 TO 4"
"24","Maryland","2018","13.5%","","5 TO 9"
"24","Maryland","2018","17.6%","","10 TO 14"
"24","Maryland","2018","18.6%","","15 TO 17"
"24","Maryland","2019","Data Not Collected","","0 TO 4"
"24","Maryland","2019","Data Not Collected","","5 TO 9"
"24","Maryland","2019","Data Not Collected","","10 TO 14"
"24","Maryland","2019","Data Not Collected","","15 TO 17"
"25","Massachusetts","2011","Data Not Collected","","0 TO 4"
"25","Massachusetts","2011","Data Not Collected","","5 TO 9"
"25","Massachusetts","2011","Data Not Collected","","10 TO 14"
"25","Massachusetts","2011","Data Not Collected","","15 TO 17"
"25","Massachusetts","2012","Data Not Collected","","0 TO 4"
"25","Massachusetts","2012","Data Not Collected","","5 TO 9"
"25","Massachusetts","2012","Data Not Collected","","10 TO 14"
"25","Massachusetts","2012","Data Not Collected","","15 TO 17"
"25","Massachusetts","2013","Data Not Collected","","0 TO 4"
"25","Massachusetts","2013","Data Not Collected","","5 TO 9"
"25","Massachusetts","2013","Data Not Collected","","10 TO 14"
"25","Massachusetts","2013","Data Not Collected","","15 TO 17"
"25","Massachusetts","2014","Data Not Collected","","0 TO 4"
"25","Massachusetts","2014","Data Not Collected","","5 TO 9"
"25","Massachusetts","2014","Data Not Collected","","10 TO 14"
"25","Massachusetts","2014","Data Not Collected","","15 TO 17"
"25","Massachusetts","2015","Suppressed","","0 TO 4"
"25","Massachusetts","2015","21.3%","","5 TO 9"
"25","Massachusetts","2015","19.5%","","10 TO 14"
"25","Massachusetts","2015","25.1%","","15 TO 17"
"25","Massachusetts","2016","Suppressed","","0 TO 4"
"25","Massachusetts","2016","8.8%","","5 TO 9"
"25","Massachusetts","2016","21.5%","","10 TO 14"
"25","Massachusetts","2016","22.9%","","15 TO 17"
"25","Massachusetts","2017","Suppressed","","0 TO 4"
"25","Massachusetts","2017","36.3%","","5 TO 9"
"25","Massachusetts","2017","Suppressed","","10 TO 14"
"25","Massachusetts","2017","Suppressed","","15 TO 17"
"25","Massachusetts","2018","Suppressed","","0 TO 4"
"25","Massachusetts","2018","15.0%","","5 TO 9"
"25","Massachusetts","2018","15.9%","","10 TO 14"
"25","Massachusetts","2018","14.6%","","15 TO 17"
"25","Massachusetts","2019","Suppressed","","0 TO 4"
"25","Massachusetts","2019","16.5%","","5 TO 9"
"25","Massachusetts","2019","16.0%","","10 TO 14"
"25","Massachusetts","2019","20.1%","","15 TO 17"
"26","Michigan","2011","7.4%","","0 TO 4"
"26","Michigan","2011","14.4%","","5 TO 9"
"26","Michigan","2011","20.2%","","10 TO 14"
"26","Michigan","2011","17.5%","","15 TO 17"
"26","Michigan","2012","7.4%","","0 TO 4"
"26","Michigan","2012","13.4%","","5 TO 9"
"26","Michigan","2012","19.6%","","10 TO 14"
"26","Michigan","2012","19.8%","","15 TO 17"
"26","Michigan","2013","7.9%","","0 TO 4"
"26","Michigan","2013","14.8%","","5 TO 9"
"26","Michigan","2013","19.5%","","10 TO 14"
"26","Michigan","2013","16.3%","","15 TO 17"
"26","Michigan","2014","8.8%","","0 TO 4"
"26","Michigan","2014","11.8%","","5 TO 9"
"26","Michigan","2014","20.2%","","10 TO 14"
"26","Michigan","2014","17.9%","","15 TO 17"
"26","Michigan","2015","4.2%","","0 TO 4"
"26","Michigan","2015","13.5%","","5 TO 9"
"26","Michigan","2015","15.0%","","10 TO 14"
"26","Michigan","2015","16.8%","","15 TO 17"
"26","Michigan","2016","5.6%","","0 TO 4"
"26","Michigan","2016","11.6%","","5 TO 9"
"26","Michigan","2016","15.5%","","10 TO 14"
"26","Michigan","2016","19.0%","","15 TO 17"
"26","Michigan","2017","6.7%","","0 TO 4"
"26","Michigan","2017","11.7%","","5 TO 9"
"26","Michigan","2017","15.1%","","10 TO 14"
"26","Michigan","2017","15.6%","","15 TO 17"
"26","Michigan","2018","4.7%","","0 TO 4"
"26","Michigan","2018","12.3%","","5 TO 9"
"26","Michigan","2018","16.0%","","10 TO 14"
"26","Michigan","2018","19.0%","","15 TO 17"
"26","Michigan","2019","4.4%","","0 TO 4"
"26","Michigan","2019","11.7%","","5 TO 9"
"26","Michigan","2019","15.9%","","10 TO 14"
"26","Michigan","2019","14.0%","","15 TO 17"
"27","Minnesota","2011","Data Not Collected","","0 TO 4"
"27","Minnesota","2011","Data Not Collected","","5 TO 9"
"27","Minnesota","2011","Data Not Collected","","10 TO 14"
"27","Minnesota","2011","Data Not Collected","","15 TO 17"
"27","Minnesota","2012","Data Not Collected","","0 TO 4"
"27","Minnesota","2012","Data Not Collected","","5 TO 9"
"27","Minnesota","2012","Data Not Collected","","10 TO 14"
"27","Minnesota","2012","Data Not Collected","","15 TO 17"
"27","Minnesota","2013","Data Not Collected","","0 TO 4"
"27","Minnesota","2013","Data Not Collected","","5 TO 9"
"27","Minnesota","2013","Data Not Collected","","10 TO 14"
"27","Minnesota","2013","Data Not Collected","","15 TO 17"
"27","Minnesota","2014","Data Not Collected","","0 TO 4"
"27","Minnesota","2014","Data Not Collected","","5 TO 9"
"27","Minnesota","2014","Data Not Collected","","10 TO 14"
"27","Minnesota","2014","Data Not Collected","","15 TO 17"
"27","Minnesota","2015","4.6%","","0 TO 4"
"27","Minnesota","2015","8.1%","","5 TO 9"
"27","Minnesota","2015","11.7%","","10 TO 14"
"27","Minnesota","2015","13.9%","","15 TO 17"
"27","Minnesota","2016","3.2%","","0 TO 4"
"27","Minnesota","2016","8.7%","","5 TO 9"
"27","Minnesota","2016","15.0%","","10 TO 14"
"27","Minnesota","2016","15.7%","","15 TO 17"
"27","Minnesota","2017","Suppressed","","0 TO 4"
"27","Minnesota","2017","4.6%","","5 TO 9"
"27","Minnesota","2017","10.0%","","10 TO 14"
"27","Minnesota","2017","12.6%","","15 TO 17"
"27","Minnesota","2018","3.2%","","0 TO 4"
"27","Minnesota","2018","6.1%","","5 TO 9"
"27","Minnesota","2018","9.5%","","10 TO 14"
"27","Minnesota","2018","13.3%","","15 TO 17"
"27","Minnesota","2019","1.9%","","0 TO 4"
"27","Minnesota","2019","8.0%","","5 TO 9"
"27","Minnesota","2019","10.4%","","10 TO 14"
"27","Minnesota","2019","14.8%","","15 TO 17"
"28","Mississippi","2011","Data Not Collected","","0 TO 4"
"28","Mississippi","2011","Data Not Collected","","5 TO 9"
"28","Mississippi","2011","Data Not Collected","","10 TO 14"
"28","Mississippi","2011","Data Not Collected","","15 TO 17"
"28","Mississippi","2012","10.0%","","0 TO 4"
"28","Mississippi","2012","13.0%","","5 TO 9"
"28","Mississippi","2012","20.4%","","10 TO 14"
"28","Mississippi","2012","13.0%","","15 TO 17"
"28","Mississippi","2013","12.6%","","0 TO 4"
"28","Mississippi","2013","17.1%","","5 TO 9"
"28","Mississippi","2013","19.6%","","10 TO 14"
"28","Mississippi","2013","13.8%","","15 TO 17"
"28","Mississippi","2014","10.6%","","0 TO 4"
"28","Mississippi","2014","21.9%","","5 TO 9"
"28","Mississippi","2014","19.8%","","10 TO 14"
"28","Mississippi","2014","13.9%","","15 TO 17"
"28","Mississippi","2015","10.9%","","0 TO 4"
"28","Mississippi","2015","10.6%","","5 TO 9"
"28","Mississippi","2015","17.5%","","10 TO 14"
"28","Mississippi","2015","15.8%","","15 TO 17"
"28","Mississippi","2016","Suppressed","","0 TO 4"
"28","Mississippi","2016","10.8%","","5 TO 9"
"28","Mississippi","2016","15.5%","","10 TO 14"
"28","Mississippi","2016","13.9%","","15 TO 17"
"28","Mississippi","2017","Suppressed","","0 TO 4"
"28","Mississippi","2017","16.7%","","5 TO 9"
"28","Mississippi","2017","19.2%","","10 TO 14"
"28","Mississippi","2017","19.5%","","15 TO 17"
"28","Mississippi","2018","Suppressed","","0 TO 4"
"28","Mississippi","2018","10.9%","","5 TO 9"
"28","Mississippi","2018","10.5%","","10 TO 14"
"28","Mississippi","2018","16.7%","","15 TO 17"
"28","Mississippi","2019","Suppressed","","0 TO 4"
"28","Mississippi","2019","13.1%","","5 TO 9"
"28","Mississippi","2019","13.7%","","10 TO 14"
"28","Mississippi","2019","17.0%","","15 TO 17"
"29","Missouri","2011","Data Not Collected","","0 TO 4"
"29","Missouri","2011","Data Not Collected","","5 TO 9"
"29","Missouri","2011","Data Not Collected","","10 TO 14"
"29","Missouri","2011","Data Not Collected","","15 TO 17"
"29","Missouri","2012","10.1%","","0 TO 4"
"29","Missouri","2012","15.0%","","5 TO 9"
"29","Missouri","2012","16.3%","","10 TO 14"
"29","Missouri","2012","19.0%","","15 TO 17"
"29","Missouri","2013","Suppressed","","0 TO 4"
"29","Missouri","2013","11.3%","","5 TO 9"
"29","Missouri","2013","16.7%","","10 TO 14"
"29","Missouri","2013","11.3%","","15 TO 17"
"29","Missouri","2014","5.8%","","0 TO 4"
"29","Missouri","2014","18.3%","","5 TO 9"
"29","Missouri","2014","20.8%","","10 TO 14"
"29","Missouri","2014","16.0%","","15 TO 17"
"29","Missouri","2015","Suppressed","","0 TO 4"
"29","Missouri","2015","10.5%","","5 TO 9"
"29","Missouri","2015","17.1%","","10 TO 14"
"29","Missouri","2015","16.0%","","15 TO 17"
"29","Missouri","2016","6.1%","","0 TO 4"
"29","Missouri","2016","12.0%","","5 TO 9"
"29","Missouri","2016","15.6%","","10 TO 14"
"29","Missouri","2016","21.0%","","15 TO 17"
"29","Missouri","2017","Suppressed","","0 TO 4"
"29","Missouri","2017","14.0%","","5 TO 9"
"29","Missouri","2017","17.8%","","10 TO 14"
"29","Missouri","2017","21.0%","","15 TO 17"
"29","Missouri","2018","8.9%","","0 TO 4"
"29","Missouri","2018","15.4%","","5 TO 9"
"29","Missouri","2018","15.0%","","10 TO 14"
"29","Missouri","2018","16.0%","","15 TO 17"
"29","Missouri","2019","Suppressed","","0 TO 4"
"29","Missouri","2019","10.5%","","5 TO 9"
"29","Missouri","2019","13.8%","","10 TO 14"
"29","Missouri","2019","14.1%","","15 TO 17"
"30","Montana","2011","4.2%","","0 TO 4"
"30","Montana","2011","8.7%","","5 TO 9"
"30","Montana","2011","13.5%","","10 TO 14"
"30","Montana","2011","16.7%","","15 TO 17"
"30","Montana","2012","Suppressed","","0 TO 4"
"30","Montana","2012","10.6%","","5 TO 9"
"30","Montana","2012","11.5%","","10 TO 14"
"30","Montana","2012","21.2%","","15 TO 17"
"30","Montana","2013","6.0%","","0 TO 4"
"30","Montana","2013","8.7%","","5 TO 9"
"30","Montana","2013","16.2%","","10 TO 14"
"30","Montana","2013","15.4%","","15 TO 17"
"30","Montana","2014","Suppressed","","0 TO 4"
"30","Montana","2014","11.3%","","5 TO 9"
"30","Montana","2014","13.5%","","10 TO 14"
"30","Montana","2014","13.2%","","15 TO 17"
"30","Montana","2015","Suppressed","","0 TO 4"
"30","Montana","2015","8.4%","","5 TO 9"
"30","Montana","2015","13.2%","","10 TO 14"
"30","Montana","2015","14.6%","","15 TO 17"
"30","Montana","2016","Suppressed","","0 TO 4"
"30","Montana","2016","8.8%","","5 TO 9"
"30","Montana","2016","11.1%","","10 TO 14"
"30","Montana","2016","10.4%","","15 TO 17"
"30","Montana","2017","Suppressed","","0 TO 4"
"30","Montana","2017","Suppressed","","5 TO 9"
"30","Montana","2017","15.6%","","10 TO 14"
"30","Montana","2017","18.5%","","15 TO 17"
"30","Montana","2018","Suppressed","","0 TO 4"
"30","Montana","2018","Suppressed","","5 TO 9"
"30","Montana","2018","7.7%","","10 TO 14"
"30","Montana","2018","13.1%","","15 TO 17"
"30","Montana","2019","Suppressed","","0 TO 4"
"30","Montana","2019","9.0%","","5 TO 9"
"30","Montana","2019","14.6%","","10 TO 14"
"30","Montana","2019","10.2%","","15 TO 17"
"31","Nebraska","2011","Data Not Collected","","0 TO 4"
"31","Nebraska","2011","Data Not Collected","","5 TO 9"
"31","Nebraska","2011","Data Not Collected","","10 TO 14"
"31","Nebraska","2011","Data Not Collected","","15 TO 17"
"31","Nebraska","2012","2.5%","","0 TO 4"
"31","Nebraska","2012","10.8%","","5 TO 9"
"31","Nebraska","2012","15.1%","","10 TO 14"
"31","Nebraska","2012","12.0%","","15 TO 17"
"31","Nebraska","2013","3.6%","","0 TO 4"
"31","Nebraska","2013","10.0%","","5 TO 9"
"31","Nebraska","2013","14.4%","","10 TO 14"
"31","Nebraska","2013","16.2%","","15 TO 17"
"31","Nebraska","2014","4.2%","","0 TO 4"
"31","Nebraska","2014","6.7%","","5 TO 9"
"31","Nebraska","2014","13.9%","","10 TO 14"
"31","Nebraska","2014","13.5%","","15 TO 17"
"31","Nebraska","2015","4.2%","","0 TO 4"
"31","Nebraska","2015","7.2%","","5 TO 9"
"31","Nebraska","2015","14.0%","","10 TO 14"
"31","Nebraska","2015","15.1%","","15 TO 17"
"31","Nebraska","2016","3.6%","","0 TO 4"
"31","Nebraska","2016","5.9%","","5 TO 9"
"31","Nebraska","2016","12.8%","","10 TO 14"
"31","Nebraska","2016","17.0%","","15 TO 17"
"31","Nebraska","2017","4.9%","","0 TO 4"
"31","Nebraska","2017","7.4%","","5 TO 9"
"31","Nebraska","2017","12.4%","","10 TO 14"
"31","Nebraska","2017","15.6%","","15 TO 17"
"31","Nebraska","2018","3.2%","","0 TO 4"
"31","Nebraska","2018","7.0%","","5 TO 9"
"31","Nebraska","2018","9.1%","","10 TO 14"
"31","Nebraska","2018","14.4%","","15 TO 17"
"31","Nebraska","2019","3.9%","","0 TO 4"
"31","Nebraska","2019","8.5%","","5 TO 9"
"31","Nebraska","2019","11.8%","","10 TO 14"
"31","Nebraska","2019","13.8%","","15 TO 17"
"32","Nevada","2011","Data Not Collected","","0 TO 4"
"32","Nevada","2011","Data Not Collected","","5 TO 9"
"32","Nevada","2011","Data Not Collected","","10 TO 14"
"32","Nevada","2011","Data Not Collected","","15 TO 17"
"32","Nevada","2012","Suppressed","","0 TO 4"
"32","Nevada","2012","10.8%","","5 TO 9"
"32","Nevada","2012","13.7%","","10 TO 14"
"32","Nevada","2012","17.3%","","15 TO 17"
"32","Nevada","2013","Suppressed","","0 TO 4"
"32","Nevada","2013","11.7%","","5 TO 9"
"32","Nevada","2013","22.5%","","10 TO 14"
"32","Nevada","2013","10.1%","","15 TO 17"
"32","Nevada","2014","Suppressed","","0 TO 4"
"32","Nevada","2014","14.2%","","5 TO 9"
"32","Nevada","2014","21.2%","","10 TO 14"
"32","Nevada","2014","Suppressed","","15 TO 17"
"32","Nevada","2015","Suppressed","","0 TO 4"
"32","Nevada","2015","Suppressed","","5 TO 9"
"32","Nevada","2015","Suppressed","","10 TO 14"
"32","Nevada","2015","Suppressed","","15 TO 17"
"32","Nevada","2016","Suppressed","","0 TO 4"
"32","Nevada","2016","16.5%","","5 TO 9"
"32","Nevada","2016","14.8%","","10 TO 14"
"32","Nevada","2016","9.9%","","15 TO 17"
"32","Nevada","2017","Suppressed","","0 TO 4"
"32","Nevada","2017","15.9%","","5 TO 9"
"32","Nevada","2017","9.9%","","10 TO 14"
"32","Nevada","2017","Suppressed","","15 TO 17"
"32","Nevada","2018","Suppressed","","0 TO 4"
"32","Nevada","2018","Suppressed","","5 TO 9"
"32","Nevada","2018","17.3%","","10 TO 14"
"32","Nevada","2018","20.5%","","15 TO 17"
"32","Nevada","2019","Suppressed","","0 TO 4"
"32","Nevada","2019","Suppressed","","5 TO 9"
"32","Nevada","2019","14.5%","","10 TO 14"
"32","Nevada","2019","Suppressed","","15 TO 17"
"33","New Hampshire","2011","Data Not Collected","","0 TO 4"
"33","New Hampshire","2011","Data Not Collected","","5 TO 9"
"33","New Hampshire","2011","Data Not Collected","","10 TO 14"
"33","New Hampshire","2011","Data Not Collected","","15 TO 17"
"33","New Hampshire","2012","8.2%","","0 TO 4"
"33","New Hampshire","2012","17.0%","","5 TO 9"
"33","New Hampshire","2012","18.4%","","10 TO 14"
"33","New Hampshire","2012","19.9%","","15 TO 17"
"33","New Hampshire","2013","Suppressed","","0 TO 4"
"33","New Hampshire","2013","17.4%","","5 TO 9"
"33","New Hampshire","2013","14.9%","","10 TO 14"
"33","New Hampshire","2013","22.7%","","15 TO 17"
"33","New Hampshire","2014","Suppressed","","0 TO 4"
"33","New Hampshire","2014","12.7%","","5 TO 9"
"33","New Hampshire","2014","21.7%","","10 TO 14"
"33","New Hampshire","2014","11.9%","","15 TO 17"
"33","New Hampshire","2015","Suppressed","","0 TO 4"
"33","New Hampshire","2015","11.9%","","5 TO 9"
"33","New Hampshire","2015","16.3%","","10 TO 14"
"33","New Hampshire","2015","13.4%","","15 TO 17"
"33","New Hampshire","2016","Data Not Collected","","0 TO 4"
"33","New Hampshire","2016","Data Not Collected","","5 TO 9"
"33","New Hampshire","2016","Data Not Collected","","10 TO 14"
"33","New Hampshire","2016","Data Not Collected","","15 TO 17"
"33","New Hampshire","2017","Data Not Collected","","0 TO 4"
"33","New Hampshire","2017","Data Not Collected","","5 TO 9"
"33","New Hampshire","2017","Data Not Collected","","10 TO 14"
"33","New Hampshire","2017","Data Not Collected","","15 TO 17"
"33","New Hampshire","2018","Suppressed","","0 TO 4"
"33","New Hampshire","2018","10.5%","","5 TO 9"
"33","New Hampshire","2018","15.4%","","10 TO 14"
"33","New Hampshire","2018","16.9%","","15 TO 17"
"33","New Hampshire","2019","Suppressed","","0 TO 4"
"33","New Hampshire","2019","13.1%","","5 TO 9"
"33","New Hampshire","2019","17.7%","","10 TO 14"
"33","New Hampshire","2019","14.1%","","15 TO 17"
"34","New Jersey","2011","5.7%","","0 TO 4"
"34","New Jersey","2011","15.8%","","5 TO 9"
"34","New Jersey","2011","18.2%","","10 TO 14"
"34","New Jersey","2011","13.7%","","15 TO 17"
"34","New Jersey","2012","7.9%","","0 TO 4"
"34","New Jersey","2012","16.0%","","5 TO 9"
"34","New Jersey","2012","16.2%","","10 TO 14"
"34","New Jersey","2012","15.2%","","15 TO 17"
"34","New Jersey","2013","8.4%","","0 TO 4"
"34","New Jersey","2013","13.4%","","5 TO 9"
"34","New Jersey","2013","18.1%","","10 TO 14"
"34","New Jersey","2013","17.5%","","15 TO 17"
"34","New Jersey","2014","7.9%","","0 TO 4"
"34","New Jersey","2014","13.9%","","5 TO 9"
"34","New Jersey","2014","20.2%","","10 TO 14"
"34","New Jersey","2014","18.5%","","15 TO 17"
"34","New Jersey","2015","7.0%","","0 TO 4"
"34","New Jersey","2015","11.9%","","5 TO 9"
"34","New Jersey","2015","18.4%","","10 TO 14"
"34","New Jersey","2015","14.8%","","15 TO 17"
"34","New Jersey","2016","Suppressed","","0 TO 4"
"34","New Jersey","2016","19.5%","","5 TO 9"
"34","New Jersey","2016","11.2%","","10 TO 14"
"34","New Jersey","2016","15.4%","","15 TO 17"
"34","New Jersey","2017","11.8%","","0 TO 4"
"34","New Jersey","2017","10.9%","","5 TO 9"
"34","New Jersey","2017","16.2%","","10 TO 14"
"34","New Jersey","2017","18.9%","","15 TO 17"
"34","New Jersey","2018","Suppressed","","0 TO 4"
"34","New Jersey","2018","Suppressed","","5 TO 9"
"34","New Jersey","2018","16.4%","","10 TO 14"
"34","New Jersey","2018","17.3%","","15 TO 17"
"34","New Jersey","2019","Data Not Collected","","0 TO 4"
"34","New Jersey","2019","Data Not Collected","","5 TO 9"
"34","New Jersey","2019","Data Not Collected","","10 TO 14"
"34","New Jersey","2019","Data Not Collected","","15 TO 17"
"35","New Mexico","2011","7.5%","","0 TO 4"
"35","New Mexico","2011","13.4%","","5 TO 9"
"35","New Mexico","2011","21.3%","","10 TO 14"
"35","New Mexico","2011","17.9%","","15 TO 17"
"35","New Mexico","2012","5.4%","","0 TO 4"
"35","New Mexico","2012","14.5%","","5 TO 9"
"35","New Mexico","2012","16.2%","","10 TO 14"
"35","New Mexico","2012","14.2%","","15 TO 17"
"35","New Mexico","2013","4.5%","","0 TO 4"
"35","New Mexico","2013","11.5%","","5 TO 9"
"35","New Mexico","2013","17.8%","","10 TO 14"
"35","New Mexico","2013","16.5%","","15 TO 17"
"35","New Mexico","2014","Suppressed","","0 TO 4"
"35","New Mexico","2014","11.8%","","5 TO 9"
"35","New Mexico","2014","15.3%","","10 TO 14"
"35","New Mexico","2014","17.2%","","15 TO 17"
"35","New Mexico","2015","Suppressed","","0 TO 4"
"35","New Mexico","2015","11.8%","","5 TO 9"
"35","New Mexico","2015","17.8%","","10 TO 14"
"35","New Mexico","2015","15.2%","","15 TO 17"
"35","New Mexico","2016","9.4%","","0 TO 4"
"35","New Mexico","2016","15.5%","","5 TO 9"
"35","New Mexico","2016","19.3%","","10 TO 14"
"35","New Mexico","2016","15.9%","","15 TO 17"
"35","New Mexico","2017","Suppressed","","0 TO 4"
"35","New Mexico","2017","18.0%","","5 TO 9"
"35","New Mexico","2017","18.4%","","10 TO 14"
"35","New Mexico","2017","20.7%","","15 TO 17"
"35","New Mexico","2018","Suppressed","","0 TO 4"
"35","New Mexico","2018","14.5%","","5 TO 9"
"35","New Mexico","2018","11.2%","","10 TO 14"
"35","New Mexico","2018","20.3%","","15 TO 17"
"35","New Mexico","2019","Suppressed","","0 TO 4"
"35","New Mexico","2019","Suppressed","","5 TO 9"
"35","New Mexico","2019","11.5%","","10 TO 14"
"35","New Mexico","2019","13.1%","","15 TO 17"
"36","New York","2011","Data Not Collected","","0 TO 4"
"36","New York","2011","Data Not Collected","","5 TO 9"
"36","New York","2011","Data Not Collected","","10 TO 14"
"36","New York","2011","Data Not Collected","","15 TO 17"
"36","New York","2012","8.4%","","0 TO 4"
"36","New York","2012","12.4%","","5 TO 9"
"36","New York","2012","23.0%","","10 TO 14"
"36","New York","2012","17.6%","","15 TO 17"
"36","New York","2013","7.8%","","0 TO 4"
"36","New York","2013","19.5%","","5 TO 9"
"36","New York","2013","18.7%","","10 TO 14"
"36","New York","2013","13.4%","","15 TO 17"
"36","New York","2014","9.3%","","0 TO 4"
"36","New York","2014","13.9%","","5 TO 9"
"36","New York","2014","18.7%","","10 TO 14"
"36","New York","2014","16.8%","","15 TO 17"
"36","New York","2015","8.2%","","0 TO 4"
"36","New York","2015","17.1%","","5 TO 9"
"36","New York","2015","16.5%","","10 TO 14"
"36","New York","2015","18.3%","","15 TO 17"
"36","New York","2016","Suppressed","","0 TO 4"
"36","New York","2016","15.7%","","5 TO 9"
"36","New York","2016","14.0%","","10 TO 14"
"36","New York","2016","20.3%","","15 TO 17"
"36","New York","2017","Suppressed","","0 TO 4"
"36","New York","2017","14.1%","","5 TO 9"
"36","New York","2017","17.9%","","10 TO 14"
"36","New York","2017","15.4%","","15 TO 17"
"36","New York","2018","Suppressed","","0 TO 4"
"36","New York","2018","9.4%","","5 TO 9"
"36","New York","2018","11.5%","","10 TO 14"
"36","New York","2018","16.3%","","15 TO 17"
"36","New York","2019","Suppressed","","0 TO 4"
"36","New York","2019","19.8%","","5 TO 9"
"36","New York","2019","13.2%","","10 TO 14"
"36","New York","2019","13.4%","","15 TO 17"
"37","North Carolina","2011","Data Not Collected","","0 TO 4"
"37","North Carolina","2011","Data Not Collected","","5 TO 9"
"37","North Carolina","2011","Data Not Collected","","10 TO 14"
"37","North Carolina","2011","Data Not Collected","","15 TO 17"
"37","North Carolina","2012","Data Not Collected","","0 TO 4"
"37","North Carolina","2012","Data Not Collected","","5 TO 9"
"37","North Carolina","2012","Data Not Collected","","10 TO 14"
"37","North Carolina","2012","Data Not Collected","","15 TO 17"
"37","North Carolina","2013","Data Not Collected","","0 TO 4"
"37","North Carolina","2013","Data Not Collected","","5 TO 9"
"37","North Carolina","2013","Data Not Collected","","10 TO 14"
"37","North Carolina","2013","Data Not Collected","","15 TO 17"
"37","North Carolina","2014","7.1%","","0 TO 4"
"37","North Carolina","2014","18.8%","","5 TO 9"
"37","North Carolina","2014","20.8%","","10 TO 14"
"37","North Carolina","2014","18.8%","","15 TO 17"
"37","North Carolina","2015","Data Not Collected","","0 TO 4"
"37","North Carolina","2015","Data Not Collected","","5 TO 9"
"37","North Carolina","2015","Data Not Collected","","10 TO 14"
"37","North Carolina","2015","Data Not Collected","","15 TO 17"
"37","North Carolina","2016","Data Not Collected","","0 TO 4"
"37","North Carolina","2016","Data Not Collected","","5 TO 9"
"37","North Carolina","2016","Data Not Collected","","10 TO 14"
"37","North Carolina","2016","Data Not Collected","","15 TO 17"
"37","North Carolina","2017","Data Not Collected","","0 TO 4"
"37","North Carolina","2017","Data Not Collected","","5 TO 9"
"37","North Carolina","2017","Data Not Collected","","10 TO 14"
"37","North Carolina","2017","Data Not Collected","","15 TO 17"
"37","North Carolina","2018","Data Not Collected","","0 TO 4"
"37","North Carolina","2018","Data Not Collected","","5 TO 9"
"37","North Carolina","2018","Data Not Collected","","10 TO 14"
"37","North Carolina","2018","Data Not Collected","","15 TO 17"
"37","North Carolina","2019","Data Not Collected","","0 TO 4"
"37","North Carolina","2019","Data Not Collected","","5 TO 9"
"37","North Carolina","2019","Data Not Collected","","10 TO 14"
"37","North Carolina","2019","Data Not Collected","","15 TO 17"
"38","North Dakota","2011","Data Not Collected","","0 TO 4"
"38","North Dakota","2011","Data Not Collected","","5 TO 9"
"38","North Dakota","2011","Data Not Collected","","10 TO 14"
"38","North Dakota","2011","Data Not Collected","","15 TO 17"
"38","North Dakota","2012","Data Not Collected","","0 TO 4"
"38","North Dakota","2012","Data Not Collected","","5 TO 9"
"38","North Dakota","2012","Data Not Collected","","10 TO 14"
"38","North Dakota","2012","Data Not Collected","","15 TO 17"
"38","North Dakota","2013","Data Not Collected","","0 TO 4"
"38","North Dakota","2013","Data Not Collected","","5 TO 9"
"38","North Dakota","2013","Data Not Collected","","10 TO 14"
"38","North Dakota","2013","Data Not Collected","","15 TO 17"
"38","North Dakota","2014","Data Not Collected","","0 TO 4"
"38","North Dakota","2014","Data Not Collected","","5 TO 9"
"38","North Dakota","2014","Data Not Collected","","10 TO 14"
"38","North Dakota","2014","Data Not Collected","","15 TO 17"
"38","North Dakota","2015","Data Not Collected","","0 TO 4"
"38","North Dakota","2015","Data Not Collected","","5 TO 9"
"38","North Dakota","2015","Data Not Collected","","10 TO 14"
"38","North Dakota","2015","Data Not Collected","","15 TO 17"
"38","North Dakota","2016","Data Not Collected","","0 TO 4"
"38","North Dakota","2016","Data Not Collected","","5 TO 9"
"38","North Dakota","2016","Data Not Collected","","10 TO 14"
"38","North Dakota","2016","Data Not Collected","","15 TO 17"
"38","North Dakota","2017","Data Not Collected","","0 TO 4"
"38","North Dakota","2017","Data Not Collected","","5 TO 9"
"38","North Dakota","2017","Data Not Collected","","10 TO 14"
"38","North Dakota","2017","Data Not Collected","","15 TO 17"
"38","North Dakota","2018","Data Not Collected","","0 TO 4"
"38","North Dakota","2018","Data Not Collected","","5 TO 9"
"38","North Dakota","2018","Data Not Collected","","10 TO 14"
"38","North Dakota","2018","Data Not Collected","","15 TO 17"
"38","North Dakota","2019","Data Not Collected","","0 TO 4"
"38","North Dakota","2019","Data Not Collected","","5 TO 9"
"38","North Dakota","2019","Data Not Collected","","10 TO 14"
"38","North Dakota","2019","Data Not Collected","","15 TO 17"
"39","Ohio","2011","Data Not Collected","","0 TO 4"
"39","Ohio","2011","Data Not Collected","","5 TO 9"
"39","Ohio","2011","Data Not Collected","","10 TO 14"
"39","Ohio","2011","Data Not Collected","","15 TO 17"
"39","Ohio","2012","6.3%","","0 TO 4"
"39","Ohio","2012","12.8%","","5 TO 9"
"39","Ohio","2012","16.0%","","10 TO 14"
"39","Ohio","2012","16.0%","","15 TO 17"
"39","Ohio","2013","7.9%","","0 TO 4"
"39","Ohio","2013","14.5%","","5 TO 9"
"39","Ohio","2013","21.5%","","10 TO 14"
"39","Ohio","2013","16.2%","","15 TO 17"
"39","Ohio","2014","7.1%","","0 TO 4"
"39","Ohio","2014","13.7%","","5 TO 9"
"39","Ohio","2014","22.6%","","10 TO 14"
"39","Ohio","2014","12.2%","","15 TO 17"
"39","Ohio","2015","Suppressed","","0 TO 4"
"39","Ohio","2015","15.2%","","5 TO 9"
"39","Ohio","2015","16.4%","","10 TO 14"
"39","Ohio","2015","17.5%","","15 TO 17"
"39","Ohio","2016","5.3%","","0 TO 4"
"39","Ohio","2016","9.1%","","5 TO 9"
"39","Ohio","2016","15.7%","","10 TO 14"
"39","Ohio","2016","13.1%","","15 TO 17"
"39","Ohio","2017","5.9%","","0 TO 4"
"39","Ohio","2017","12.5%","","5 TO 9"
"39","Ohio","2017","14.4%","","10 TO 14"
"39","Ohio","2017","15.6%","","15 TO 17"
"39","Ohio","2018","7.1%","","0 TO 4"
"39","Ohio","2018","11.0%","","5 TO 9"
"39","Ohio","2018","14.1%","","10 TO 14"
"39","Ohio","2018","18.4%","","15 TO 17"
"39","Ohio","2019","Suppressed","","0 TO 4"
"39","Ohio","2019","14.6%","","5 TO 9"
"39","Ohio","2019","12.0%","","10 TO 14"
"39","Ohio","2019","16.2%","","15 TO 17"
"40","Oklahoma","2011","Data Not Collected","","0 TO 4"
"40","Oklahoma","2011","Data Not Collected","","5 TO 9"
"40","Oklahoma","2011","Data Not Collected","","10 TO 14"
"40","Oklahoma","2011","Data Not Collected","","15 TO 17"
"40","Oklahoma","2012","6.0%","","0 TO 4"
"40","Oklahoma","2012","12.8%","","5 TO 9"
"40","Oklahoma","2012","14.9%","","10 TO 14"
"40","Oklahoma","2012","15.0%","","15 TO 17"
"40","Oklahoma","2013","11.8%","","0 TO 4"
"40","Oklahoma","2013","12.6%","","5 TO 9"
"40","Oklahoma","2013","20.7%","","10 TO 14"
"40","Oklahoma","2013","18.4%","","15 TO 17"
"40","Oklahoma","2014","13.8%","","0 TO 4"
"40","Oklahoma","2014","15.8%","","5 TO 9"
"40","Oklahoma","2014","19.4%","","10 TO 14"
"40","Oklahoma","2014","18.8%","","15 TO 17"
"40","Oklahoma","2015","Suppressed","","0 TO 4"
"40","Oklahoma","2015","12.7%","","5 TO 9"
"40","Oklahoma","2015","27.3%","","10 TO 14"
"40","Oklahoma","2015","10.4%","","15 TO 17"
"40","Oklahoma","2016","3.9%","","0 TO 4"
"40","Oklahoma","2016","17.6%","","5 TO 9"
"40","Oklahoma","2016","19.0%","","10 TO 14"
"40","Oklahoma","2016","18.6%","","15 TO 17"
"40","Oklahoma","2017","Data Not Collected","","0 TO 4"
"40","Oklahoma","2017","Data Not Collected","","5 TO 9"
"40","Oklahoma","2017","Data Not Collected","","10 TO 14"
"40","Oklahoma","2017","Data Not Collected","","15 TO 17"
"40","Oklahoma","2018","Data Not Collected","","0 TO 4"
"40","Oklahoma","2018","Data Not Collected","","5 TO 9"
"40","Oklahoma","2018","Data Not Collected","","10 TO 14"
"40","Oklahoma","2018","Data Not Collected","","15 TO 17"
"40","Oklahoma","2019","Data Not Collected","","0 TO 4"
"40","Oklahoma","2019","Data Not Collected","","5 TO 9"
"40","Oklahoma","2019","Data Not Collected","","10 TO 14"
"40","Oklahoma","2019","Data Not Collected","","15 TO 17"
"41","Oregon","2011","5.7%","","0 TO 4"
"41","Oregon","2011","14.3%","","5 TO 9"
"41","Oregon","2011","18.4%","","10 TO 14"
"41","Oregon","2011","17.4%","","15 TO 17"
"41","Oregon","2012","8.8%","","0 TO 4"
"41","Oregon","2012","15.6%","","5 TO 9"
"41","Oregon","2012","15.6%","","10 TO 14"
"41","Oregon","2012","14.8%","","15 TO 17"
"41","Oregon","2013","Suppressed","","0 TO 4"
"41","Oregon","2013","8.7%","","5 TO 9"
"41","Oregon","2013","23.6%","","10 TO 14"
"41","Oregon","2013","20.8%","","15 TO 17"
"41","Oregon","2014","Suppressed","","0 TO 4"
"41","Oregon","2014","10.2%","","5 TO 9"
"41","Oregon","2014","15.5%","","10 TO 14"
"41","Oregon","2014","22.3%","","15 TO 17"
"41","Oregon","2015","Suppressed","","0 TO 4"
"41","Oregon","2015","18.5%","","5 TO 9"
"41","Oregon","2015","19.0%","","10 TO 14"
"41","Oregon","2015","22.3%","","15 TO 17"
"41","Oregon","2016","Suppressed","","0 TO 4"
"41","Oregon","2016","9.2%","","5 TO 9"
"41","Oregon","2016","16.6%","","10 TO 14"
"41","Oregon","2016","16.2%","","15 TO 17"
"41","Oregon","2017","Suppressed","","0 TO 4"
"41","Oregon","2017","8.0%","","5 TO 9"
"41","Oregon","2017","13.8%","","10 TO 14"
"41","Oregon","2017","15.1%","","15 TO 17"
"41","Oregon","2018","Suppressed","","0 TO 4"
"41","Oregon","2018","10.5%","","5 TO 9"
"41","Oregon","2018","13.7%","","10 TO 14"
"41","Oregon","2018","21.8%","","15 TO 17"
"41","Oregon","2019","Suppressed","","0 TO 4"
"41","Oregon","2019","Suppressed","","5 TO 9"
"41","Oregon","2019","17.1%","","10 TO 14"
"41","Oregon","2019","12.8%","","15 TO 17"
"42","Pennsylvania","2011","6.8%","","0 TO 4"
"42","Pennsylvania","2011","13.7%","","5 TO 9"
"42","Pennsylvania","2011","18.3%","","10 TO 14"
"42","Pennsylvania","2011","16.6%","","15 TO 17"
"42","Pennsylvania","2012","7.0%","","0 TO 4"
"42","Pennsylvania","2012","16.0%","","5 TO 9"
"42","Pennsylvania","2012","17.4%","","10 TO 14"
"42","Pennsylvania","2012","18.7%","","15 TO 17"
"42","Pennsylvania","2013","6.8%","","0 TO 4"
"42","Pennsylvania","2013","16.7%","","5 TO 9"
"42","Pennsylvania","2013","18.8%","","10 TO 14"
"42","Pennsylvania","2013","18.1%","","15 TO 17"
"42","Pennsylvania","2014","9.2%","","0 TO 4"
"42","Pennsylvania","2014","14.0%","","5 TO 9"
"42","Pennsylvania","2014","17.6%","","10 TO 14"
"42","Pennsylvania","2014","18.2%","","15 TO 17"
"42","Pennsylvania","2015","Suppressed","","0 TO 4"
"42","Pennsylvania","2015","15.8%","","5 TO 9"
"42","Pennsylvania","2015","17.4%","","10 TO 14"
"42","Pennsylvania","2015","21.3%","","15 TO 17"
"42","Pennsylvania","2016","7.3%","","0 TO 4"
"42","Pennsylvania","2016","12.8%","","5 TO 9"
"42","Pennsylvania","2016","14.9%","","10 TO 14"
"42","Pennsylvania","2016","19.7%","","15 TO 17"
"42","Pennsylvania","2017","5.9%","","0 TO 4"
"42","Pennsylvania","2017","11.2%","","5 TO 9"
"42","Pennsylvania","2017","15.2%","","10 TO 14"
"42","Pennsylvania","2017","19.9%","","15 TO 17"
"42","Pennsylvania","2018","Suppressed","","0 TO 4"
"42","Pennsylvania","2018","15.4%","","5 TO 9"
"42","Pennsylvania","2018","15.0%","","10 TO 14"
"42","Pennsylvania","2018","19.4%","","15 TO 17"
"42","Pennsylvania","2019","4.3%","","0 TO 4"
"42","Pennsylvania","2019","11.9%","","5 TO 9"
"42","Pennsylvania","2019","14.7%","","10 TO 14"
"42","Pennsylvania","2019","16.8%","","15 TO 17"
"44","Rhode Island","2011","Data Not Collected","","0 TO 4"
"44","Rhode Island","2011","Data Not Collected","","5 TO 9"
"44","Rhode Island","2011","Data Not Collected","","10 TO 14"
"44","Rhode Island","2011","Data Not Collected","","15 TO 17"
"44","Rhode Island","2012","Data Not Collected","","0 TO 4"
"44","Rhode Island","2012","Data Not Collected","","5 TO 9"
"44","Rhode Island","2012","Data Not Collected","","10 TO 14"
"44","Rhode Island","2012","Data Not Collected","","15 TO 17"
"44","Rhode Island","2013","9.8%","","0 TO 4"
"44","Rhode Island","2013","22.9%","","5 TO 9"
"44","Rhode Island","2013","22.8%","","10 TO 14"
"44","Rhode Island","2013","18.2%","","15 TO 17"
"44","Rhode Island","2014","6.9%","","0 TO 4"
"44","Rhode Island","2014","22.6%","","5 TO 9"
"44","Rhode Island","2014","22.2%","","10 TO 14"
"44","Rhode Island","2014","19.8%","","15 TO 17"
"44","Rhode Island","2015","Suppressed","","0 TO 4"
"44","Rhode Island","2015","14.6%","","5 TO 9"
"44","Rhode Island","2015","22.4%","","10 TO 14"
"44","Rhode Island","2015","22.7%","","15 TO 17"
"44","Rhode Island","2016","Suppressed","","0 TO 4"
"44","Rhode Island","2016","18.4%","","5 TO 9"
"44","Rhode Island","2016","17.0%","","10 TO 14"
"44","Rhode Island","2016","21.1%","","15 TO 17"
"44","Rhode Island","2017","Suppressed","","0 TO 4"
"44","Rhode Island","2017","17.5%","","5 TO 9"
"44","Rhode Island","2017","23.4%","","10 TO 14"
"44","Rhode Island","2017","19.2%","","15 TO 17"
"44","Rhode Island","2018","9.1%","","0 TO 4"
"44","Rhode Island","2018","13.5%","","5 TO 9"
"44","Rhode Island","2018","12.9%","","10 TO 14"
"44","Rhode Island","2018","23.2%","","15 TO 17"
"44","Rhode Island","2019","Suppressed","","0 TO 4"
"44","Rhode Island","2019","12.7%","","5 TO 9"
"44","Rhode Island","2019","14.9%","","10 TO 14"
"44","Rhode Island","2019","20.0%","","15 TO 17"
"45","South Carolina","2011","Data Not Collected","","0 TO 4"
"45","South Carolina","2011","Data Not Collected","","5 TO 9"
"45","South Carolina","2011","Data Not Collected","","10 TO 14"
"45","South Carolina","2011","Data Not Collected","","15 TO 17"
"45","South Carolina","2012","Data Not Collected","","0 TO 4"
"45","South Carolina","2012","Data Not Collected","","5 TO 9"
"45","South Carolina","2012","Data Not Collected","","10 TO 14"
"45","South Carolina","2012","Data Not Collected","","15 TO 17"
"45","South Carolina","2013","Data Not Collected","","0 TO 4"
"45","South Carolina","2013","Data Not Collected","","5 TO 9"
"45","South Carolina","2013","Data Not Collected","","10 TO 14"
"45","South Carolina","2013","Data Not Collected","","15 TO 17"
"45","South Carolina","2014","Data Not Collected","","0 TO 4"
"45","South Carolina","2014","Data Not Collected","","5 TO 9"
"45","South Carolina","2014","Data Not Collected","","10 TO 14"
"45","South Carolina","2014","Data Not Collected","","15 TO 17"
"45","South Carolina","2015","Data Not Collected","","0 TO 4"
"45","South Carolina","2015","Data Not Collected","","5 TO 9"
"45","South Carolina","2015","Data Not Collected","","10 TO 14"
"45","South Carolina","2015","Data Not Collected","","15 TO 17"
"45","South Carolina","2016","Data Not Collected","","0 TO 4"
"45","South Carolina","2016","Data Not Collected","","5 TO 9"
"45","South Carolina","2016","Data Not Collected","","10 TO 14"
"45","South Carolina","2016","Data Not Collected","","15 TO 17"
"45","South Carolina","2017","Data Not Collected","","0 TO 4"
"45","South Carolina","2017","Data Not Collected","","5 TO 9"
"45","South Carolina","2017","Data Not Collected","","10 TO 14"
"45","South Carolina","2017","Data Not Collected","","15 TO 17"
"45","South Carolina","2018","Data Not Collected","","0 TO 4"
"45","South Carolina","2018","Data Not Collected","","5 TO 9"
"45","South Carolina","2018","Data Not Collected","","10 TO 14"
"45","South Carolina","2018","Data Not Collected","","15 TO 17"
"45","South Carolina","2019","Data Not Collected","","0 TO 4"
"45","South Carolina","2019","Data Not Collected","","5 TO 9"
"45","South Carolina","2019","Data Not Collected","","10 TO 14"
"45","South Carolina","2019","Data Not Collected","","15 TO 17"
"46","South Dakota","2011","Data Not Collected","","0 TO 4"
"46","South Dakota","2011","Data Not Collected","","5 TO 9"
"46","South Dakota","2011","Data Not Collected","","10 TO 14"
"46","South Dakota","2011","Data Not Collected","","15 TO 17"
"46","South Dakota","2012","Data Not Collected","","0 TO 4"
"46","South Dakota","2012","Data Not Collected","","5 TO 9"
"46","South Dakota","2012","Data Not Collected","","10 TO 14"
"46","South Dakota","2012","Data Not Collected","","15 TO 17"
"46","South Dakota","2013","Data Not Collected","","0 TO 4"
"46","South Dakota","2013","Data Not Collected","","5 TO 9"
"46","South Dakota","2013","Data Not Collected","","10 TO 14"
"46","South Dakota","2013","Data Not Collected","","15 TO 17"
"46","South Dakota","2014","Data Not Collected","","0 TO 4"
"46","South Dakota","2014","Data Not Collected","","5 TO 9"
"46","South Dakota","2014","Data Not Collected","","10 TO 14"
"46","South Dakota","2014","Data Not Collected","","15 TO 17"
"46","South Dakota","2015","Data Not Collected","","0 TO 4"
"46","South Dakota","2015","Data Not Collected","","5 TO 9"
"46","South Dakota","2015","Data Not Collected","","10 TO 14"
"46","South Dakota","2015","Data Not Collected","","15 TO 17"
"46","South Dakota","2016","Data Not Collected","","0 TO 4"
"46","South Dakota","2016","Data Not Collected","","5 TO 9"
"46","South Dakota","2016","Data Not Collected","","10 TO 14"
"46","South Dakota","2016","Data Not Collected","","15 TO 17"
"46","South Dakota","2017","Data Not Collected","","0 TO 4"
"46","South Dakota","2017","Data Not Collected","","5 TO 9"
"46","South Dakota","2017","Data Not Collected","","10 TO 14"
"46","South Dakota","2017","Data Not Collected","","15 TO 17"
"46","South Dakota","2018","Data Not Collected","","0 TO 4"
"46","South Dakota","2018","Data Not Collected","","5 TO 9"
"46","South Dakota","2018","Data Not Collected","","10 TO 14"
"46","South Dakota","2018","Data Not Collected","","15 TO 17"
"46","South Dakota","2019","Data Not Collected","","0 TO 4"
"46","South Dakota","2019","Data Not Collected","","5 TO 9"
"46","South Dakota","2019","Data Not Collected","","10 TO 14"
"46","South Dakota","2019","Data Not Collected","","15 TO 17"
"47","Tennessee","2011","Suppressed","","0 TO 4"
"47","Tennessee","2011","8.4%","","5 TO 9"
"47","Tennessee","2011","Suppressed","","10 TO 14"
"47","Tennessee","2011","19.8%","","15 TO 17"
"47","Tennessee","2012","7.0%","","0 TO 4"
"47","Tennessee","2012","12.1%","","5 TO 9"
"47","Tennessee","2012","14.9%","","10 TO 14"
"47","Tennessee","2012","14.9%","","15 TO 17"
"47","Tennessee","2013","Suppressed","","0 TO 4"
"47","Tennessee","2013","10.8%","","5 TO 9"
"47","Tennessee","2013","19.0%","","10 TO 14"
"47","Tennessee","2013","14.8%","","15 TO 17"
"47","Tennessee","2014","Suppressed","","0 TO 4"
"47","Tennessee","2014","11.1%","","5 TO 9"
"47","Tennessee","2014","15.3%","","10 TO 14"
"47","Tennessee","2014","15.8%","","15 TO 17"
"47","Tennessee","2015","Data Not Collected","","0 TO 4"
"47","Tennessee","2015","Data Not Collected","","5 TO 9"
"47","Tennessee","2015","Data Not Collected","","10 TO 14"
"47","Tennessee","2015","Data Not Collected","","15 TO 17"
"47","Tennessee","2016","Data Not Collected","","0 TO 4"
"47","Tennessee","2016","Data Not Collected","","5 TO 9"
"47","Tennessee","2016","Data Not Collected","","10 TO 14"
"47","Tennessee","2016","Data Not Collected","","15 TO 17"
"47","Tennessee","2017","Data Not Collected","","0 TO 4"
"47","Tennessee","2017","Data Not Collected","","5 TO 9"
"47","Tennessee","2017","Data Not Collected","","10 TO 14"
"47","Tennessee","2017","Data Not Collected","","15 TO 17"
"47","Tennessee","2018","Data Not Collected","","0 TO 4"
"47","Tennessee","2018","Data Not Collected","","5 TO 9"
"47","Tennessee","2018","Data Not Collected","","10 TO 14"
"47","Tennessee","2018","Data Not Collected","","15 TO 17"
"47","Tennessee","2019","Data Not Collected","","0 TO 4"
"47","Tennessee","2019","Data Not Collected","","5 TO 9"
"47","Tennessee","2019","Data Not Collected","","10 TO 14"
"47","Tennessee","2019","Data Not Collected","","15 TO 17"
"48","Texas","2011","7.9%","","0 TO 4"
"48","Texas","2011","17.3%","","5 TO 9"
"48","Texas","2011","16.8%","","10 TO 14"
"48","Texas","2011","18.5%","","15 TO 17"
"48","Texas","2012","8.1%","","0 TO 4"
"48","Texas","2012","14.5%","","5 TO 9"
"48","Texas","2012","14.7%","","10 TO 14"
"48","Texas","2012","15.9%","","15 TO 17"
"48","Texas","2013","5.9%","","0 TO 4"
"48","Texas","2013","14.7%","","5 TO 9"
"48","Texas","2013","15.3%","","10 TO 14"
"48","Texas","2013","18.7%","","15 TO 17"
"48","Texas","2014","6.8%","","0 TO 4"
"48","Texas","2014","11.5%","","5 TO 9"
"48","Texas","2014","14.5%","","10 TO 14"
"48","Texas","2014","11.9%","","15 TO 17"
"48","Texas","2015","8.2%","","0 TO 4"
"48","Texas","2015","14.4%","","5 TO 9"
"48","Texas","2015","16.7%","","10 TO 14"
"48","Texas","2015","14.9%","","15 TO 17"
"48","Texas","2016","Data Not Collected","","0 TO 4"
"48","Texas","2016","Data Not Collected","","5 TO 9"
"48","Texas","2016","Data Not Collected","","10 TO 14"
"48","Texas","2016","Data Not Collected","","15 TO 17"
"48","Texas","2017","Data Not Collected","","0 TO 4"
"48","Texas","2017","Data Not Collected","","5 TO 9"
"48","Texas","2017","Data Not Collected","","10 TO 14"
"48","Texas","2017","Data Not Collected","","15 TO 17"
"48","Texas","2018","Data Not Collected","","0 TO 4"
"48","Texas","2018","Data Not Collected","","5 TO 9"
"48","Texas","2018","Data Not Collected","","10 TO 14"
"48","Texas","2018","Data Not Collected","","15 TO 17"
"48","Texas","2019","Suppressed","","0 TO 4"
"48","Texas","2019","11.0%","","5 TO 9"
"48","Texas","2019","13.8%","","10 TO 14"
"48","Texas","2019","14.0%","","15 TO 17"
"49","Utah","2011","4.5%","","0 TO 4"
"49","Utah","2011","11.1%","","5 TO 9"
"49","Utah","2011","13.4%","","10 TO 14"
"49","Utah","2011","15.5%","","15 TO 17"
"49","Utah","2012","4.6%","","0 TO 4"
"49","Utah","2012","12.1%","","5 TO 9"
"49","Utah","2012","12.8%","","10 TO 14"
"49","Utah","2012","12.0%","","15 TO 17"
"49","Utah","2013","4.4%","","0 TO 4"
"49","Utah","2013","9.5%","","5 TO 9"
"49","Utah","2013","14.7%","","10 TO 14"
"49","Utah","2013","14.6%","","15 TO 17"
"49","Utah","2014","3.9%","","0 TO 4"
"49","Utah","2014","8.7%","","5 TO 9"
"49","Utah","2014","13.2%","","10 TO 14"
"49","Utah","2014","13.9%","","15 TO 17"
"49","Utah","2015","3.5%","","0 TO 4"
"49","Utah","2015","10.6%","","5 TO 9"
"49","Utah","2015","12.1%","","10 TO 14"
"49","Utah","2015","19.0%","","15 TO 17"
"49","Utah","2016","1.8%","","0 TO 4"
"49","Utah","2016","7.1%","","5 TO 9"
"49","Utah","2016","13.9%","","10 TO 14"
"49","Utah","2016","13.1%","","15 TO 17"
"49","Utah","2017","3.5%","","0 TO 4"
"49","Utah","2017","7.0%","","5 TO 9"
"49","Utah","2017","12.6%","","10 TO 14"
"49","Utah","2017","13.6%","","15 TO 17"
"49","Utah","2018","4.2%","","0 TO 4"
"49","Utah","2018","8.1%","","5 TO 9"
"49","Utah","2018","10.0%","","10 TO 14"
"49","Utah","2018","12.0%","","15 TO 17"
"49","Utah","2019","3.2%","","0 TO 4"
"49","Utah","2019","8.1%","","5 TO 9"
"49","Utah","2019","10.8%","","10 TO 14"
"49","Utah","2019","14.7%","","15 TO 17"
"50","Vermont","2011","4.6%","","0 TO 4"
"50","Vermont","2011","12.1%","","5 TO 9"
"50","Vermont","2011","17.6%","","10 TO 14"
"50","Vermont","2011","15.3%","","15 TO 17"
"50","Vermont","2012","Data Not Collected","","0 TO 4"
"50","Vermont","2012","Data Not Collected","","5 TO 9"
"50","Vermont","2012","Data Not Collected","","10 TO 14"
"50","Vermont","2012","Data Not Collected","","15 TO 17"
"50","Vermont","2013","5.5%","","0 TO 4"
"50","Vermont","2013","17.6%","","5 TO 9"
"50","Vermont","2013","20.8%","","10 TO 14"
"50","Vermont","2013","19.9%","","15 TO 17"
"50","Vermont","2014","Suppressed","","0 TO 4"
"50","Vermont","2014","10.8%","","5 TO 9"
"50","Vermont","2014","18.6%","","10 TO 14"
"50","Vermont","2014","16.1%","","15 TO 17"
"50","Vermont","2015","Suppressed","","0 TO 4"
"50","Vermont","2015","17.2%","","5 TO 9"
"50","Vermont","2015","16.0%","","10 TO 14"
"50","Vermont","2015","23.0%","","15 TO 17"
"50","Vermont","2016","11.7%","","0 TO 4"
"50","Vermont","2016","10.1%","","5 TO 9"
"50","Vermont","2016","14.2%","","10 TO 14"
"50","Vermont","2016","19.9%","","15 TO 17"
"50","Vermont","2017","Suppressed","","0 TO 4"
"50","Vermont","2017","11.4%","","5 TO 9"
"50","Vermont","2017","17.1%","","10 TO 14"
"50","Vermont","2017","14.6%","","15 TO 17"
"50","Vermont","2018","6.8%","","0 TO 4"
"50","Vermont","2018","16.2%","","5 TO 9"
"50","Vermont","2018","13.8%","","10 TO 14"
"50","Vermont","2018","16.6%","","15 TO 17"
"50","Vermont","2019","Suppressed","","0 TO 4"
"50","Vermont","2019","15.3%","","5 TO 9"
"50","Vermont","2019","17.1%","","10 TO 14"
"50","Vermont","2019","18.8%","","15 TO 17"
"51","Virginia","2011","Data Not Collected","","0 TO 4"
"51","Virginia","2011","Data Not Collected","","5 TO 9"
"51","Virginia","2011","Data Not Collected","","10 TO 14"
"51","Virginia","2011","Data Not Collected","","15 TO 17"
"51","Virginia","2012","Data Not Collected","","0 TO 4"
"51","Virginia","2012","Data Not Collected","","5 TO 9"
"51","Virginia","2012","Data Not Collected","","10 TO 14"
"51","Virginia","2012","Data Not Collected","","15 TO 17"
"51","Virginia","2013","Data Not Collected","","0 TO 4"
"51","Virginia","2013","Data Not Collected","","5 TO 9"
"51","Virginia","2013","Data Not Collected","","10 TO 14"
"51","Virginia","2013","Data Not Collected","","15 TO 17"
"51","Virginia","2014","Data Not Collected","","0 TO 4"
"51","Virginia","2014","Data Not Collected","","5 TO 9"
"51","Virginia","2014","Data Not Collected","","10 TO 14"
"51","Virginia","2014","Data Not Collected","","15 TO 17"
"51","Virginia","2015","Data Not Collected","","0 TO 4"
"51","Virginia","2015","Data Not Collected","","5 TO 9"
"51","Virginia","2015","Data Not Collected","","10 TO 14"
"51","Virginia","2015","Data Not Collected","","15 TO 17"
"51","Virginia","2016","Data Not Collected","","0 TO 4"
"51","Virginia","2016","Data Not Collected","","5 TO 9"
"51","Virginia","2016","Data Not Collected","","10 TO 14"
"51","Virginia","2016","Data Not Collected","","15 TO 17"
"51","Virginia","2017","Data Not Collected","","0 TO 4"
"51","Virginia","2017","Data Not Collected","","5 TO 9"
"51","Virginia","2017","Data Not Collected","","10 TO 14"
"51","Virginia","2017","Data Not Collected","","15 TO 17"
"51","Virginia","2018","Data Not Collected","","0 TO 4"
"51","Virginia","2018","Data Not Collected","","5 TO 9"
"51","Virginia","2018","Data Not Collected","","10 TO 14"
"51","Virginia","2018","Data Not Collected","","15 TO 17"
"51","Virginia","2019","Data Not Collected","","0 TO 4"
"51","Virginia","2019","Data Not Collected","","5 TO 9"
"51","Virginia","2019","Data Not Collected","","10 TO 14"
"51","Virginia","2019","Data Not Collected","","15 TO 17"
"53","Washington","2011","7.2%","","0 TO 4"
"53","Washington","2011","10.8%","","5 TO 9"
"53","Washington","2011","15.7%","","10 TO 14"
"53","Washington","2011","17.8%","","15 TO 17"
"53","Washington","2012","5.0%","","0 TO 4"
"53","Washington","2012","11.8%","","5 TO 9"
"53","Washington","2012","12.6%","","10 TO 14"
"53","Washington","2012","19.8%","","15 TO 17"
"53","Washington","2013","2.9%","","0 TO 4"
"53","Washington","2013","11.2%","","5 TO 9"
"53","Washington","2013","13.2%","","10 TO 14"
"53","Washington","2013","18.8%","","15 TO 17"
"53","Washington","2014","4.9%","","0 TO 4"
"53","Washington","2014","11.9%","","5 TO 9"
"53","Washington","2014","16.9%","","10 TO 14"
"53","Washington","2014","14.8%","","15 TO 17"
"53","Washington","2015","Data Not Collected","","0 TO 4"
"53","Washington","2015","Data Not Collected","","5 TO 9"
"53","Washington","2015","Data Not Collected","","10 TO 14"
"53","Washington","2015","Data Not Collected","","15 TO 17"
"53","Washington","2016","5.7%","","0 TO 4"
"53","Washington","2016","11.7%","","5 TO 9"
"53","Washington","2016","12.6%","","10 TO 14"
"53","Washington","2016","16.5%","","15 TO 17"
"53","Washington","2017","Data Not Collected","","0 TO 4"
"53","Washington","2017","Data Not Collected","","5 TO 9"
"53","Washington","2017","Data Not Collected","","10 TO 14"
"53","Washington","2017","Data Not Collected","","15 TO 17"
"53","Washington","2018","Data Not Collected","","0 TO 4"
"53","Washington","2018","Data Not Collected","","5 TO 9"
"53","Washington","2018","Data Not Collected","","10 TO 14"
"53","Washington","2018","Data Not Collected","","15 TO 17"
"53","Washington","2019","Data Not Collected","","0 TO 4"
"53","Washington","2019","Data Not Collected","","5 TO 9"
"53","Washington","2019","Data Not Collected","","10 TO 14"
"53","Washington","2019","Data Not Collected","","15 TO 17"
"54","West Virginia","2011","4.9%","","0 TO 4"
"54","West Virginia","2011","12.3%","","5 TO 9"
"54","West Virginia","2011","15.0%","","10 TO 14"
"54","West Virginia","2011","16.7%","","15 TO 17"
"54","West Virginia","2012","Suppressed","","0 TO 4"
"54","West Virginia","2012","12.9%","","5 TO 9"
"54","West Virginia","2012","10.7%","","10 TO 14"
"54","West Virginia","2012","17.0%","","15 TO 17"
"54","West Virginia","2013","5.5%","","0 TO 4"
"54","West Virginia","2013","16.8%","","5 TO 9"
"54","West Virginia","2013","16.3%","","10 TO 14"
"54","West Virginia","2013","13.3%","","15 TO 17"
"54","West Virginia","2014","7.0%","","0 TO 4"
"54","West Virginia","2014","13.9%","","5 TO 9"
"54","West Virginia","2014","14.4%","","10 TO 14"
"54","West Virginia","2014","14.7%","","15 TO 17"
"54","West Virginia","2015","Data Not Collected","","0 TO 4"
"54","West Virginia","2015","Data Not Collected","","5 TO 9"
"54","West Virginia","2015","Data Not Collected","","10 TO 14"
"54","West Virginia","2015","Data Not Collected","","15 TO 17"
"54","West Virginia","2016","Data Not Collected","","0 TO 4"
"54","West Virginia","2016","Data Not Collected","","5 TO 9"
"54","West Virginia","2016","Data Not Collected","","10 TO 14"
"54","West Virginia","2016","Data Not Collected","","15 TO 17"
"54","West Virginia","2017","Data Not Collected","","0 TO 4"
"54","West Virginia","2017","Data Not Collected","","5 TO 9"
"54","West Virginia","2017","Data Not Collected","","10 TO 14"
"54","West Virginia","2017","Data Not Collected","","15 TO 17"
"54","West Virginia","2018","Data Not Collected","","0 TO 4"
"54","West Virginia","2018","Data Not Collected","","5 TO 9"
"54","West Virginia","2018","Data Not Collected","","10 TO 14"
"54","West Virginia","2018","Data Not Collected","","15 TO 17"
"54","West Virginia","2019","Data Not Collected","","0 TO 4"
"54","West Virginia","2019","Data Not Collected","","5 TO 9"
"54","West Virginia","2019","Data Not Collected","","10 TO 14"
"54","West Virginia","2019","Data Not Collected","","15 TO 17"
"55","Wisconsin","2011","Suppressed","","0 TO 4"
"55","Wisconsin","2011","10.7%","","5 TO 9"
"55","Wisconsin","2011","17.3%","","10 TO 14"
"55","Wisconsin","2011","16.7%","","15 TO 17"
"55","Wisconsin","2012","Suppressed","","0 TO 4"
"55","Wisconsin","2012","9.4%","","5 TO 9"
"55","Wisconsin","2012","14.2%","","10 TO 14"
"55","Wisconsin","2012","17.1%","","15 TO 17"
"55","Wisconsin","2013","Suppressed","","0 TO 4"
"55","Wisconsin","2013","10.2%","","5 TO 9"
"55","Wisconsin","2013","12.0%","","10 TO 14"
"55","Wisconsin","2013","16.9%","","15 TO 17"
"55","Wisconsin","2014","Suppressed","","0 TO 4"
"55","Wisconsin","2014","7.8%","","5 TO 9"
"55","Wisconsin","2014","20.8%","","10 TO 14"
"55","Wisconsin","2014","20.3%","","15 TO 17"
"55","Wisconsin","2015","Suppressed","","0 TO 4"
"55","Wisconsin","2015","9.2%","","5 TO 9"
"55","Wisconsin","2015","11.2%","","10 TO 14"
"55","Wisconsin","2015","24.1%","","15 TO 17"
"55","Wisconsin","2016","Suppressed","","0 TO 4"
"55","Wisconsin","2016","10.4%","","5 TO 9"
"55","Wisconsin","2016","17.5%","","10 TO 14"
"55","Wisconsin","2016","15.4%","","15 TO 17"
"55","Wisconsin","2017","Suppressed","","0 TO 4"
"55","Wisconsin","2017","9.7%","","5 TO 9"
"55","Wisconsin","2017","13.7%","","10 TO 14"
"55","Wisconsin","2017","12.6%","","15 TO 17"
"55","Wisconsin","2018","Suppressed","","0 TO 4"
"55","Wisconsin","2018","Suppressed","","5 TO 9"
"55","Wisconsin","2018","18.3%","","10 TO 14"
"55","Wisconsin","2018","16.1%","","15 TO 17"
"55","Wisconsin","2019","Suppressed","","0 TO 4"
"55","Wisconsin","2019","9.9%","","5 TO 9"
"55","Wisconsin","2019","13.8%","","10 TO 14"
"55","Wisconsin","2019","7.7%","","15 TO 17"
"56","Wyoming","2011","Data Not Collected","","0 TO 4"
"56","Wyoming","2011","Data Not Collected","","5 TO 9"
"56","Wyoming","2011","Data Not Collected","","10 TO 14"
"56","Wyoming","2011","Data Not Collected","","15 TO 17"
"56","Wyoming","2012","Suppressed","","0 TO 4"
"56","Wyoming","2012","9.6%","","5 TO 9"
"56","Wyoming","2012","13.9%","","10 TO 14"
"56","Wyoming","2012","18.0%","","15 TO 17"
"56","Wyoming","2013","Data Not Collected","","0 TO 4"
"56","Wyoming","2013","Data Not Collected","","5 TO 9"
"56","Wyoming","2013","Data Not Collected","","10 TO 14"
"56","Wyoming","2013","Data Not Collected","","15 TO 17"
"56","Wyoming","2014","Data Not Collected","","0 TO 4"
"56","Wyoming","2014","Data Not Collected","","5 TO 9"
"56","Wyoming","2014","Data Not Collected","","10 TO 14"
"56","Wyoming","2014","Data Not Collected","","15 TO 17"
"56","Wyoming","2015","Data Not Collected","","0 TO 4"
"56","Wyoming","2015","Data Not Collected","","5 TO 9"
"56","Wyoming","2015","Data Not Collected","","10 TO 14"
"56","Wyoming","2015","Data Not Collected","","15 TO 17"
"56","Wyoming","2016","Data Not Collected","","0 TO 4"
"56","Wyoming","2016","Data Not Collected","","5 TO 9"
"56","Wyoming","2016","Data Not Collected","","10 TO 14"
"56","Wyoming","2016","Data Not Collected","","15 TO 17"
"56","Wyoming","2017","Data Not Collected","","0 TO 4"
"56","Wyoming","2017","Data Not Collected","","5 TO 9"
"56","Wyoming","2017","Data Not Collected","","10 TO 14"
"56","Wyoming","2017","Data Not Collected","","15 TO 17"
"56","Wyoming","2018","Data Not Collected","","0 TO 4"
"56","Wyoming","2018","Data Not Collected","","5 TO 9"
"56","Wyoming","2018","Data Not Collected","","10 TO 14"
"56","Wyoming","2018","Data Not Collected","","15 TO 17"
"56","Wyoming","2019","Data Not Collected","","0 TO 4"
"56","Wyoming","2019","Data Not Collected","","5 TO 9"
"56","Wyoming","2019","Data Not Collected","","10 TO 14"
"56","Wyoming","2019","Data Not Collected","","15 TO 17"
